id,firstname,lastname,email,email2,profession
100,Ardenia,Nore,Ardenia.Nore@yopmail.com,Ardenia.Nore@gmail.com,developer
101,Madeleine,Lorain,Madeleine.Lorain@yopmail.com,Madeleine.Lorain@gmail.com,firefighter
102,Annecorinne,Corabella,Annecorinne.Corabella@yopmail.com,Annecorinne.Corabella@gmail.com,police officer
103,Tori,Rocray,Tori.Rocray@yopmail.com,Tori.Rocray@gmail.com,developer
104,Ketti,Suk,Ketti.Suk@yopmail.com,Ketti.Suk@gmail.com,worker
105,Benita,Wilkinson,Benita.Wilkinson@yopmail.com,Benita.Wilkinson@gmail.com,police officer
106,Margarette,Rozanna,Margarette.Rozanna@yopmail.com,Margarette.Rozanna@gmail.com,worker
107,Di,Hashim,Di.Hashim@yopmail.com,Di.Hashim@gmail.com,developer
108,Viviene,Capello,Viviene.Capello@yopmail.com,Viviene.Capello@gmail.com,firefighter
109,Carilyn,Septima,Carilyn.Septima@yopmail.com,Carilyn.Septima@gmail.com,firefighter
110,Brynna,Brotherson,Brynna.Brotherson@yopmail.com,Brynna.Brotherson@gmail.com,worker
111,Codie,Gower,Codie.Gower@yopmail.com,Codie.Gower@gmail.com,firefighter
112,Paola,Bearnard,Paola.Bearnard@yopmail.com,Paola.Bearnard@gmail.com,worker
113,Carmencita,Redmond,Carmencita.Redmond@yopmail.com,Carmencita.Redmond@gmail.com,developer
114,Lynde,Tristram,Lynde.Tristram@yopmail.com,Lynde.Tristram@gmail.com,worker
115,Kathy,Leler,Kathy.Leler@yopmail.com,Kathy.Leler@gmail.com,police officer
116,Giustina,Loleta,Giustina.Loleta@yopmail.com,Giustina.Loleta@gmail.com,doctor
117,Kenna,Kamaria,Kenna.Kamaria@yopmail.com,Kenna.Kamaria@gmail.com,police officer
118,Modestia,Stav,Modestia.Stav@yopmail.com,Modestia.Stav@gmail.com,doctor
119,Thalia,Delp,Thalia.Delp@yopmail.com,Thalia.Delp@gmail.com,firefighter
120,Mignon,Plato,Mignon.Plato@yopmail.com,Mignon.Plato@gmail.com,doctor
121,Lila,Thar,Lila.Thar@yopmail.com,Lila.Thar@gmail.com,developer
122,Harrietta,Ajay,Harrietta.Ajay@yopmail.com,Harrietta.Ajay@gmail.com,doctor
123,Lorie,Dominy,Lorie.Dominy@yopmail.com,Lorie.Dominy@gmail.com,developer
124,Katuscha,Stephie,Katuscha.Stephie@yopmail.com,Katuscha.Stephie@gmail.com,police officer
125,Adelle,Ralfston,Adelle.Ralfston@yopmail.com,Adelle.Ralfston@gmail.com,developer
126,Wanda,Masao,Wanda.Masao@yopmail.com,Wanda.Masao@gmail.com,firefighter
127,Cristine,Rudolph,Cristine.Rudolph@yopmail.com,Cristine.Rudolph@gmail.com,doctor
128,Sidoney,Kristi,Sidoney.Kristi@yopmail.com,Sidoney.Kristi@gmail.com,worker
129,Mady,Meli,Mady.Meli@yopmail.com,Mady.Meli@gmail.com,worker
130,Brietta,Saree,Brietta.Saree@yopmail.com,Brietta.Saree@gmail.com,worker
131,Luci,Milde,Luci.Milde@yopmail.com,Luci.Milde@gmail.com,police officer
132,Carol-Jean,Dorcy,Carol-Jean.Dorcy@yopmail.com,Carol-Jean.Dorcy@gmail.com,doctor
133,Sashenka,Sholley,Sashenka.Sholley@yopmail.com,Sashenka.Sholley@gmail.com,worker
134,Kirstin,Adalbert,Kirstin.Adalbert@yopmail.com,Kirstin.Adalbert@gmail.com,worker
135,Tobe,Hourigan,Tobe.Hourigan@yopmail.com,Tobe.Hourigan@gmail.com,developer
136,Sharlene,Jacqui,Sharlene.Jacqui@yopmail.com,Sharlene.Jacqui@gmail.com,police officer
137,Tracey,Pitt,Tracey.Pitt@yopmail.com,Tracey.Pitt@gmail.com,doctor
138,Maurene,Aaberg,Maurene.Aaberg@yopmail.com,Maurene.Aaberg@gmail.com,police officer
139,Modestia,Gabrielli,Modestia.Gabrielli@yopmail.com,Modestia.Gabrielli@gmail.com,worker
140,Edith,Bluh,Edith.Bluh@yopmail.com,Edith.Bluh@gmail.com,worker
141,Marsiella,Hathaway,Marsiella.Hathaway@yopmail.com,Marsiella.Hathaway@gmail.com,worker
142,Mary,Socha,Mary.Socha@yopmail.com,Mary.Socha@gmail.com,doctor
143,Blake,Emmy,Blake.Emmy@yopmail.com,Blake.Emmy@gmail.com,worker
144,Natka,Leonard,Natka.Leonard@yopmail.com,Natka.Leonard@gmail.com,police officer
145,Jennica,Ashok,Jennica.Ashok@yopmail.com,Jennica.Ashok@gmail.com,doctor
146,Judy,Trey,Judy.Trey@yopmail.com,Judy.Trey@gmail.com,police officer
147,Madalyn,Henebry,Madalyn.Henebry@yopmail.com,Madalyn.Henebry@gmail.com,worker
148,Kayla,Orpah,Kayla.Orpah@yopmail.com,Kayla.Orpah@gmail.com,firefighter
149,Jerry,Han,Jerry.Han@yopmail.com,Jerry.Han@gmail.com,firefighter
150,Harrietta,Elo,Harrietta.Elo@yopmail.com,Harrietta.Elo@gmail.com,firefighter
151,Oona,Cornelia,Oona.Cornelia@yopmail.com,Oona.Cornelia@gmail.com,firefighter
152,Darlleen,Lytton,Darlleen.Lytton@yopmail.com,Darlleen.Lytton@gmail.com,police officer
153,Tori,Kathie,Tori.Kathie@yopmail.com,Tori.Kathie@gmail.com,doctor
154,Hannis,Doig,Hannis.Doig@yopmail.com,Hannis.Doig@gmail.com,firefighter
155,Alyssa,Cosenza,Alyssa.Cosenza@yopmail.com,Alyssa.Cosenza@gmail.com,developer
156,Luci,Leffen,Luci.Leffen@yopmail.com,Luci.Leffen@gmail.com,firefighter
157,Claresta,Anselmi,Claresta.Anselmi@yopmail.com,Claresta.Anselmi@gmail.com,doctor
158,Elora,Trace,Elora.Trace@yopmail.com,Elora.Trace@gmail.com,police officer
159,Gavrielle,Iiette,Gavrielle.Iiette@yopmail.com,Gavrielle.Iiette@gmail.com,doctor
160,Renie,Jefferey,Renie.Jefferey@yopmail.com,Renie.Jefferey@gmail.com,worker
161,Flory,Ariella,Flory.Ariella@yopmail.com,Flory.Ariella@gmail.com,developer
162,Raf,Faro,Raf.Faro@yopmail.com,Raf.Faro@gmail.com,developer
163,Reeba,Ariella,Reeba.Ariella@yopmail.com,Reeba.Ariella@gmail.com,developer
164,Teriann,Friede,Teriann.Friede@yopmail.com,Teriann.Friede@gmail.com,worker
165,Janeczka,Christal,Janeczka.Christal@yopmail.com,Janeczka.Christal@gmail.com,worker
166,Tatiania,Rudolph,Tatiania.Rudolph@yopmail.com,Tatiania.Rudolph@gmail.com,developer
167,Cecile,Lutero,Cecile.Lutero@yopmail.com,Cecile.Lutero@gmail.com,firefighter
168,Kalina,McCutcheon,Kalina.McCutcheon@yopmail.com,Kalina.McCutcheon@gmail.com,developer
169,Ofilia,Henebry,Ofilia.Henebry@yopmail.com,Ofilia.Henebry@gmail.com,firefighter
170,Sallie,Manolo,Sallie.Manolo@yopmail.com,Sallie.Manolo@gmail.com,firefighter
171,Iseabal,Kunin,Iseabal.Kunin@yopmail.com,Iseabal.Kunin@gmail.com,firefighter
172,Nollie,Herrera,Nollie.Herrera@yopmail.com,Nollie.Herrera@gmail.com,police officer
173,Kenna,Teryn,Kenna.Teryn@yopmail.com,Kenna.Teryn@gmail.com,doctor
174,Valeda,Manolo,Valeda.Manolo@yopmail.com,Valeda.Manolo@gmail.com,developer
175,Adele,Raama,Adele.Raama@yopmail.com,Adele.Raama@gmail.com,developer
176,Dione,Jacinda,Dione.Jacinda@yopmail.com,Dione.Jacinda@gmail.com,firefighter
177,Miquela,Bettine,Miquela.Bettine@yopmail.com,Miquela.Bettine@gmail.com,worker
178,Emylee,Tyson,Emylee.Tyson@yopmail.com,Emylee.Tyson@gmail.com,doctor
179,Genevra,Ashok,Genevra.Ashok@yopmail.com,Genevra.Ashok@gmail.com,firefighter
180,Phylis,Munn,Phylis.Munn@yopmail.com,Phylis.Munn@gmail.com,developer
181,Chrystel,Laverne,Chrystel.Laverne@yopmail.com,Chrystel.Laverne@gmail.com,doctor
182,Rori,Luhe,Rori.Luhe@yopmail.com,Rori.Luhe@gmail.com,firefighter
183,Mignon,Leifeste,Mignon.Leifeste@yopmail.com,Mignon.Leifeste@gmail.com,police officer
184,Shauna,Gillan,Shauna.Gillan@yopmail.com,Shauna.Gillan@gmail.com,doctor
185,Tatiania,Tengdin,Tatiania.Tengdin@yopmail.com,Tatiania.Tengdin@gmail.com,police officer
186,Kirbee,Cordi,Kirbee.Cordi@yopmail.com,Kirbee.Cordi@gmail.com,firefighter
187,Vita,Hertzfeld,Vita.Hertzfeld@yopmail.com,Vita.Hertzfeld@gmail.com,firefighter
188,Britte,Lesley,Britte.Lesley@yopmail.com,Britte.Lesley@gmail.com,doctor
189,Frank,Seessel,Frank.Seessel@yopmail.com,Frank.Seessel@gmail.com,doctor
190,Gavrielle,Fennessy,Gavrielle.Fennessy@yopmail.com,Gavrielle.Fennessy@gmail.com,doctor
191,Corene,Jacobah,Corene.Jacobah@yopmail.com,Corene.Jacobah@gmail.com,police officer
192,Giustina,Wolfgram,Giustina.Wolfgram@yopmail.com,Giustina.Wolfgram@gmail.com,worker
193,Phedra,Haymes,Phedra.Haymes@yopmail.com,Phedra.Haymes@gmail.com,doctor
194,Sean,Flyn,Sean.Flyn@yopmail.com,Sean.Flyn@gmail.com,developer
195,Alameda,Chapland,Alameda.Chapland@yopmail.com,Alameda.Chapland@gmail.com,worker
196,Karina,Longfellow,Karina.Longfellow@yopmail.com,Karina.Longfellow@gmail.com,police officer
197,Goldie,Corilla,Goldie.Corilla@yopmail.com,Goldie.Corilla@gmail.com,firefighter
198,Jackie,Hull,Jackie.Hull@yopmail.com,Jackie.Hull@gmail.com,doctor
199,Helsa,Campball,Helsa.Campball@yopmail.com,Helsa.Campball@gmail.com,firefighter
200,Eadie,Cassius,Eadie.Cassius@yopmail.com,Eadie.Cassius@gmail.com,police officer
201,Kary,Rooney,Kary.Rooney@yopmail.com,Kary.Rooney@gmail.com,worker
202,Deedee,Rad,Deedee.Rad@yopmail.com,Deedee.Rad@gmail.com,developer
203,Arlina,Ellerey,Arlina.Ellerey@yopmail.com,Arlina.Ellerey@gmail.com,worker
204,Elyssa,Naor,Elyssa.Naor@yopmail.com,Elyssa.Naor@gmail.com,police officer
205,Lusa,Aprile,Lusa.Aprile@yopmail.com,Lusa.Aprile@gmail.com,police officer
206,Daphne,Means,Daphne.Means@yopmail.com,Daphne.Means@gmail.com,police officer
207,Coral,Jalbert,Coral.Jalbert@yopmail.com,Coral.Jalbert@gmail.com,firefighter
208,Caritta,Naashom,Caritta.Naashom@yopmail.com,Caritta.Naashom@gmail.com,worker
209,Mireielle,Alisia,Mireielle.Alisia@yopmail.com,Mireielle.Alisia@gmail.com,worker
210,Leia,Minetta,Leia.Minetta@yopmail.com,Leia.Minetta@gmail.com,worker
211,Gwenneth,Lea,Gwenneth.Lea@yopmail.com,Gwenneth.Lea@gmail.com,worker
212,Doro,Japeth,Doro.Japeth@yopmail.com,Doro.Japeth@gmail.com,firefighter
213,Kirbee,Hilbert,Kirbee.Hilbert@yopmail.com,Kirbee.Hilbert@gmail.com,firefighter
214,Aubrie,Dimitris,Aubrie.Dimitris@yopmail.com,Aubrie.Dimitris@gmail.com,police officer
215,Vonny,Syd,Vonny.Syd@yopmail.com,Vonny.Syd@gmail.com,worker
216,Wileen,Edee,Wileen.Edee@yopmail.com,Wileen.Edee@gmail.com,worker
217,Tera,Adrienne,Tera.Adrienne@yopmail.com,Tera.Adrienne@gmail.com,firefighter
218,Elyssa,Shirberg,Elyssa.Shirberg@yopmail.com,Elyssa.Shirberg@gmail.com,developer
219,Wileen,Cyrie,Wileen.Cyrie@yopmail.com,Wileen.Cyrie@gmail.com,police officer
220,Myriam,Arley,Myriam.Arley@yopmail.com,Myriam.Arley@gmail.com,police officer
221,Olwen,Redmond,Olwen.Redmond@yopmail.com,Olwen.Redmond@gmail.com,police officer
222,Nannie,Brotherson,Nannie.Brotherson@yopmail.com,Nannie.Brotherson@gmail.com,police officer
223,Sadie,Krystle,Sadie.Krystle@yopmail.com,Sadie.Krystle@gmail.com,developer
224,Rosanne,Anestassia,Rosanne.Anestassia@yopmail.com,Rosanne.Anestassia@gmail.com,developer
225,Ethel,Tillford,Ethel.Tillford@yopmail.com,Ethel.Tillford@gmail.com,doctor
226,Roberta,Reidar,Roberta.Reidar@yopmail.com,Roberta.Reidar@gmail.com,doctor
227,Eadie,McClimans,Eadie.McClimans@yopmail.com,Eadie.McClimans@gmail.com,firefighter
228,Arabel,Delp,Arabel.Delp@yopmail.com,Arabel.Delp@gmail.com,doctor
229,Kara-Lynn,Angelis,Kara-Lynn.Angelis@yopmail.com,Kara-Lynn.Angelis@gmail.com,police officer
230,Charissa,Chrystel,Charissa.Chrystel@yopmail.com,Charissa.Chrystel@gmail.com,firefighter
231,Meghann,Olnee,Meghann.Olnee@yopmail.com,Meghann.Olnee@gmail.com,worker
232,Claudina,Darbie,Claudina.Darbie@yopmail.com,Claudina.Darbie@gmail.com,worker
233,Yolane,Anderea,Yolane.Anderea@yopmail.com,Yolane.Anderea@gmail.com,police officer
234,Drucie,Tufts,Drucie.Tufts@yopmail.com,Drucie.Tufts@gmail.com,developer
235,Vita,Glovsky,Vita.Glovsky@yopmail.com,Vita.Glovsky@gmail.com,worker
236,Vonny,Adore,Vonny.Adore@yopmail.com,Vonny.Adore@gmail.com,doctor
237,Mureil,Margret,Mureil.Margret@yopmail.com,Mureil.Margret@gmail.com,developer
238,Wilma,Prober,Wilma.Prober@yopmail.com,Wilma.Prober@gmail.com,firefighter
239,Feliza,Weide,Feliza.Weide@yopmail.com,Feliza.Weide@gmail.com,worker
240,Melina,Pond,Melina.Pond@yopmail.com,Melina.Pond@gmail.com,worker
241,Kial,Alva,Kial.Alva@yopmail.com,Kial.Alva@gmail.com,developer
242,Krystle,Chauncey,Krystle.Chauncey@yopmail.com,Krystle.Chauncey@gmail.com,worker
243,Cam,Sperling,Cam.Sperling@yopmail.com,Cam.Sperling@gmail.com,developer
244,Dolli,Moseley,Dolli.Moseley@yopmail.com,Dolli.Moseley@gmail.com,developer
245,Ira,Jethro,Ira.Jethro@yopmail.com,Ira.Jethro@gmail.com,doctor
246,Luci,Eben,Luci.Eben@yopmail.com,Luci.Eben@gmail.com,developer
247,Millie,Pandolfi,Millie.Pandolfi@yopmail.com,Millie.Pandolfi@gmail.com,police officer
248,Maud,Paton,Maud.Paton@yopmail.com,Maud.Paton@gmail.com,developer
249,Candi,Obed,Candi.Obed@yopmail.com,Candi.Obed@gmail.com,doctor
250,Jackie,Hubert,Jackie.Hubert@yopmail.com,Jackie.Hubert@gmail.com,developer
251,Codie,Rad,Codie.Rad@yopmail.com,Codie.Rad@gmail.com,developer
252,Nickie,Middleton,Nickie.Middleton@yopmail.com,Nickie.Middleton@gmail.com,doctor
253,Andree,Kronfeld,Andree.Kronfeld@yopmail.com,Andree.Kronfeld@gmail.com,developer
254,Tonia,Wesle,Tonia.Wesle@yopmail.com,Tonia.Wesle@gmail.com,worker
255,Penelopa,Demitria,Penelopa.Demitria@yopmail.com,Penelopa.Demitria@gmail.com,developer
256,Henriette,Ashok,Henriette.Ashok@yopmail.com,Henriette.Ashok@gmail.com,police officer
257,Vinita,Zrike,Vinita.Zrike@yopmail.com,Vinita.Zrike@gmail.com,firefighter
258,Fernande,Darian,Fernande.Darian@yopmail.com,Fernande.Darian@gmail.com,doctor
259,Jordan,Jefferey,Jordan.Jefferey@yopmail.com,Jordan.Jefferey@gmail.com,police officer
260,Heddie,Guthrie,Heddie.Guthrie@yopmail.com,Heddie.Guthrie@gmail.com,doctor
261,Olwen,Mendez,Olwen.Mendez@yopmail.com,Olwen.Mendez@gmail.com,worker
262,Cam,Leifeste,Cam.Leifeste@yopmail.com,Cam.Leifeste@gmail.com,developer
263,Randa,Rogerio,Randa.Rogerio@yopmail.com,Randa.Rogerio@gmail.com,doctor
264,Mady,Diogenes,Mady.Diogenes@yopmail.com,Mady.Diogenes@gmail.com,developer
265,Elka,Alva,Elka.Alva@yopmail.com,Elka.Alva@gmail.com,firefighter
266,Berget,Terencio,Berget.Terencio@yopmail.com,Berget.Terencio@gmail.com,worker
267,Bibby,Zachary,Bibby.Zachary@yopmail.com,Bibby.Zachary@gmail.com,doctor
268,Lizzie,Wilona,Lizzie.Wilona@yopmail.com,Lizzie.Wilona@gmail.com,police officer
269,Candi,Junie,Candi.Junie@yopmail.com,Candi.Junie@gmail.com,doctor
270,Ebonee,Dom,Ebonee.Dom@yopmail.com,Ebonee.Dom@gmail.com,police officer
271,Tani,Wiener,Tani.Wiener@yopmail.com,Tani.Wiener@gmail.com,developer
272,Amara,Lenny,Amara.Lenny@yopmail.com,Amara.Lenny@gmail.com,firefighter
273,Brena,Valoniah,Brena.Valoniah@yopmail.com,Brena.Valoniah@gmail.com,developer
274,Fanchon,Center,Fanchon.Center@yopmail.com,Fanchon.Center@gmail.com,developer
275,Gui,Gualtiero,Gui.Gualtiero@yopmail.com,Gui.Gualtiero@gmail.com,firefighter
276,Dyann,Goddard,Dyann.Goddard@yopmail.com,Dyann.Goddard@gmail.com,developer
277,Neila,Bouchard,Neila.Bouchard@yopmail.com,Neila.Bouchard@gmail.com,developer
278,Benita,Hachmin,Benita.Hachmin@yopmail.com,Benita.Hachmin@gmail.com,police officer
279,Eadie,Strephon,Eadie.Strephon@yopmail.com,Eadie.Strephon@gmail.com,developer
280,Juliane,Cleavland,Juliane.Cleavland@yopmail.com,Juliane.Cleavland@gmail.com,worker
281,Annora,Phyllis,Annora.Phyllis@yopmail.com,Annora.Phyllis@gmail.com,developer
282,Merrie,Hamil,Merrie.Hamil@yopmail.com,Merrie.Hamil@gmail.com,police officer
283,Myriam,Lory,Myriam.Lory@yopmail.com,Myriam.Lory@gmail.com,firefighter
284,Allis,Maisey,Allis.Maisey@yopmail.com,Allis.Maisey@gmail.com,firefighter
285,Amelia,Jalbert,Amelia.Jalbert@yopmail.com,Amelia.Jalbert@gmail.com,police officer
286,Sam,Septima,Sam.Septima@yopmail.com,Sam.Septima@gmail.com,doctor
287,Alia,Larochelle,Alia.Larochelle@yopmail.com,Alia.Larochelle@gmail.com,doctor
288,Trixi,Dorine,Trixi.Dorine@yopmail.com,Trixi.Dorine@gmail.com,firefighter
289,Nerta,Blisse,Nerta.Blisse@yopmail.com,Nerta.Blisse@gmail.com,worker
290,Lynea,Pacorro,Lynea.Pacorro@yopmail.com,Lynea.Pacorro@gmail.com,worker
291,Roxane,Primalia,Roxane.Primalia@yopmail.com,Roxane.Primalia@gmail.com,doctor
292,Ashlee,Peonir,Ashlee.Peonir@yopmail.com,Ashlee.Peonir@gmail.com,firefighter
293,Jinny,Screens,Jinny.Screens@yopmail.com,Jinny.Screens@gmail.com,doctor
294,Deedee,Winnick,Deedee.Winnick@yopmail.com,Deedee.Winnick@gmail.com,doctor
295,Nerta,Huggins,Nerta.Huggins@yopmail.com,Nerta.Huggins@gmail.com,police officer
296,Alyda,Eugenia,Alyda.Eugenia@yopmail.com,Alyda.Eugenia@gmail.com,firefighter
297,Ardys,Wilkinson,Ardys.Wilkinson@yopmail.com,Ardys.Wilkinson@gmail.com,developer
298,Misha,Ietta,Misha.Ietta@yopmail.com,Misha.Ietta@gmail.com,worker
299,Lily,Mintz,Lily.Mintz@yopmail.com,Lily.Mintz@gmail.com,doctor
300,Flo,Ax,Flo.Ax@yopmail.com,Flo.Ax@gmail.com,worker
301,Gerrie,Serilda,Gerrie.Serilda@yopmail.com,Gerrie.Serilda@gmail.com,doctor
302,Carree,Euridice,Carree.Euridice@yopmail.com,Carree.Euridice@gmail.com,worker
303,Celene,Idelia,Celene.Idelia@yopmail.com,Celene.Idelia@gmail.com,firefighter
304,Tonia,Faria,Tonia.Faria@yopmail.com,Tonia.Faria@gmail.com,police officer
305,Dulce,Raseda,Dulce.Raseda@yopmail.com,Dulce.Raseda@gmail.com,police officer
306,Rosabelle,Gombach,Rosabelle.Gombach@yopmail.com,Rosabelle.Gombach@gmail.com,worker
307,Hayley,McAdams,Hayley.McAdams@yopmail.com,Hayley.McAdams@gmail.com,doctor
308,Delilah,Ries,Delilah.Ries@yopmail.com,Delilah.Ries@gmail.com,firefighter
309,Demetris,Loeb,Demetris.Loeb@yopmail.com,Demetris.Loeb@gmail.com,police officer
310,Tami,Azeria,Tami.Azeria@yopmail.com,Tami.Azeria@gmail.com,developer
311,Tami,Zaslow,Tami.Zaslow@yopmail.com,Tami.Zaslow@gmail.com,police officer
312,Trudie,Parsaye,Trudie.Parsaye@yopmail.com,Trudie.Parsaye@gmail.com,doctor
313,Thalia,Harl,Thalia.Harl@yopmail.com,Thalia.Harl@gmail.com,worker
314,Therine,Mitzi,Therine.Mitzi@yopmail.com,Therine.Mitzi@gmail.com,police officer
315,Brynna,Klemperer,Brynna.Klemperer@yopmail.com,Brynna.Klemperer@gmail.com,firefighter
316,Liana,Toor,Liana.Toor@yopmail.com,Liana.Toor@gmail.com,developer
317,Shaylyn,Hoban,Shaylyn.Hoban@yopmail.com,Shaylyn.Hoban@gmail.com,firefighter
318,Addia,Merell,Addia.Merell@yopmail.com,Addia.Merell@gmail.com,firefighter
319,Kial,Shaddock,Kial.Shaddock@yopmail.com,Kial.Shaddock@gmail.com,doctor
320,Sadie,Ariella,Sadie.Ariella@yopmail.com,Sadie.Ariella@gmail.com,police officer
321,Kamilah,Evangelia,Kamilah.Evangelia@yopmail.com,Kamilah.Evangelia@gmail.com,police officer
322,Di,Berriman,Di.Berriman@yopmail.com,Di.Berriman@gmail.com,police officer
323,Trudie,Lesley,Trudie.Lesley@yopmail.com,Trudie.Lesley@gmail.com,firefighter
324,Elfreda,Kamaria,Elfreda.Kamaria@yopmail.com,Elfreda.Kamaria@gmail.com,firefighter
325,Lizzie,Darian,Lizzie.Darian@yopmail.com,Lizzie.Darian@gmail.com,worker
326,Sean,McCutcheon,Sean.McCutcheon@yopmail.com,Sean.McCutcheon@gmail.com,developer
327,Allis,Anton,Allis.Anton@yopmail.com,Allis.Anton@gmail.com,developer
328,Flo,Wiener,Flo.Wiener@yopmail.com,Flo.Wiener@gmail.com,firefighter
329,Nelle,Stover,Nelle.Stover@yopmail.com,Nelle.Stover@gmail.com,developer
330,Maye,Koziara,Maye.Koziara@yopmail.com,Maye.Koziara@gmail.com,worker
331,Winifred,Karylin,Winifred.Karylin@yopmail.com,Winifred.Karylin@gmail.com,worker
332,Valeda,Michella,Valeda.Michella@yopmail.com,Valeda.Michella@gmail.com,worker
333,Dolli,Gemini,Dolli.Gemini@yopmail.com,Dolli.Gemini@gmail.com,doctor
334,Starla,Aldric,Starla.Aldric@yopmail.com,Starla.Aldric@gmail.com,developer
335,Brana,Celestine,Brana.Celestine@yopmail.com,Brana.Celestine@gmail.com,police officer
336,Gusella,Kravits,Gusella.Kravits@yopmail.com,Gusella.Kravits@gmail.com,firefighter
337,Consuela,Sigfrid,Consuela.Sigfrid@yopmail.com,Consuela.Sigfrid@gmail.com,doctor
338,Celene,Harned,Celene.Harned@yopmail.com,Celene.Harned@gmail.com,doctor
339,Cassondra,Felizio,Cassondra.Felizio@yopmail.com,Cassondra.Felizio@gmail.com,firefighter
340,Jessamyn,Harl,Jessamyn.Harl@yopmail.com,Jessamyn.Harl@gmail.com,worker
341,Philis,Callista,Philis.Callista@yopmail.com,Philis.Callista@gmail.com,firefighter
342,Dode,Papageno,Dode.Papageno@yopmail.com,Dode.Papageno@gmail.com,worker
343,Louella,Norrie,Louella.Norrie@yopmail.com,Louella.Norrie@gmail.com,developer
344,Cacilie,Jaylene,Cacilie.Jaylene@yopmail.com,Cacilie.Jaylene@gmail.com,worker
345,Meriel,Tybald,Meriel.Tybald@yopmail.com,Meriel.Tybald@gmail.com,firefighter
346,Lorenza,McClimans,Lorenza.McClimans@yopmail.com,Lorenza.McClimans@gmail.com,police officer
347,Cathie,Margarete,Cathie.Margarete@yopmail.com,Cathie.Margarete@gmail.com,police officer
348,Anthia,Tomasina,Anthia.Tomasina@yopmail.com,Anthia.Tomasina@gmail.com,worker
349,Dania,Ricarda,Dania.Ricarda@yopmail.com,Dania.Ricarda@gmail.com,police officer
350,Coral,Douglass,Coral.Douglass@yopmail.com,Coral.Douglass@gmail.com,developer
351,Sidoney,Wind,Sidoney.Wind@yopmail.com,Sidoney.Wind@gmail.com,doctor
352,Nita,Leary,Nita.Leary@yopmail.com,Nita.Leary@gmail.com,developer
353,Kalina,Ramona,Kalina.Ramona@yopmail.com,Kalina.Ramona@gmail.com,doctor
354,Marjie,Leopold,Marjie.Leopold@yopmail.com,Marjie.Leopold@gmail.com,doctor
355,Kylynn,Zuzana,Kylynn.Zuzana@yopmail.com,Kylynn.Zuzana@gmail.com,doctor
356,Nita,Malina,Nita.Malina@yopmail.com,Nita.Malina@gmail.com,police officer
357,Gratia,Hoenack,Gratia.Hoenack@yopmail.com,Gratia.Hoenack@gmail.com,firefighter
358,Emylee,Darian,Emylee.Darian@yopmail.com,Emylee.Darian@gmail.com,police officer
359,Misha,Arathorn,Misha.Arathorn@yopmail.com,Misha.Arathorn@gmail.com,developer
360,Emylee,Bord,Emylee.Bord@yopmail.com,Emylee.Bord@gmail.com,firefighter
361,Bill,Masao,Bill.Masao@yopmail.com,Bill.Masao@gmail.com,developer
362,Eugine,Herrera,Eugine.Herrera@yopmail.com,Eugine.Herrera@gmail.com,developer
363,Allis,Sherfield,Allis.Sherfield@yopmail.com,Allis.Sherfield@gmail.com,developer
364,Sheree,Anton,Sheree.Anton@yopmail.com,Sheree.Anton@gmail.com,police officer
365,Chere,Niles,Chere.Niles@yopmail.com,Chere.Niles@gmail.com,developer
366,Vevay,Nore,Vevay.Nore@yopmail.com,Vevay.Nore@gmail.com,doctor
367,Penelopa,Harriman,Penelopa.Harriman@yopmail.com,Penelopa.Harriman@gmail.com,worker
368,Amara,Fry,Amara.Fry@yopmail.com,Amara.Fry@gmail.com,worker
369,Claudina,Zamora,Claudina.Zamora@yopmail.com,Claudina.Zamora@gmail.com,worker
370,Helsa,Longfellow,Helsa.Longfellow@yopmail.com,Helsa.Longfellow@gmail.com,firefighter
371,Korrie,Love,Korrie.Love@yopmail.com,Korrie.Love@gmail.com,worker
372,Janey,Ethban,Janey.Ethban@yopmail.com,Janey.Ethban@gmail.com,firefighter
373,Tobe,Loring,Tobe.Loring@yopmail.com,Tobe.Loring@gmail.com,doctor
374,Ellette,Buckler,Ellette.Buckler@yopmail.com,Ellette.Buckler@gmail.com,police officer
375,Wilma,Florina,Wilma.Florina@yopmail.com,Wilma.Florina@gmail.com,doctor
376,Camile,Fax,Camile.Fax@yopmail.com,Camile.Fax@gmail.com,doctor
377,Hyacinthe,Denis,Hyacinthe.Denis@yopmail.com,Hyacinthe.Denis@gmail.com,doctor
378,Lonnie,Corilla,Lonnie.Corilla@yopmail.com,Lonnie.Corilla@gmail.com,worker
379,Emma,Toffic,Emma.Toffic@yopmail.com,Emma.Toffic@gmail.com,worker
380,Dorothy,Belanger,Dorothy.Belanger@yopmail.com,Dorothy.Belanger@gmail.com,developer
381,Donetta,Sidonius,Donetta.Sidonius@yopmail.com,Donetta.Sidonius@gmail.com,developer
382,Tarra,Elephus,Tarra.Elephus@yopmail.com,Tarra.Elephus@gmail.com,police officer
383,Olwen,Roxanna,Olwen.Roxanna@yopmail.com,Olwen.Roxanna@gmail.com,worker
384,Veda,Denis,Veda.Denis@yopmail.com,Veda.Denis@gmail.com,worker
385,Kalina,Cristi,Kalina.Cristi@yopmail.com,Kalina.Cristi@gmail.com,worker
386,Lorne,Cleavland,Lorne.Cleavland@yopmail.com,Lorne.Cleavland@gmail.com,firefighter
387,Robbi,Palocz,Robbi.Palocz@yopmail.com,Robbi.Palocz@gmail.com,doctor
388,Jordan,Han,Jordan.Han@yopmail.com,Jordan.Han@gmail.com,firefighter
389,Bill,Willie,Bill.Willie@yopmail.com,Bill.Willie@gmail.com,developer
390,Magdalena,Belanger,Magdalena.Belanger@yopmail.com,Magdalena.Belanger@gmail.com,police officer
391,Karina,Jillane,Karina.Jillane@yopmail.com,Karina.Jillane@gmail.com,police officer
392,Rubie,Prouty,Rubie.Prouty@yopmail.com,Rubie.Prouty@gmail.com,police officer
393,Joelly,Carbo,Joelly.Carbo@yopmail.com,Joelly.Carbo@gmail.com,police officer
394,Sean,Briney,Sean.Briney@yopmail.com,Sean.Briney@gmail.com,firefighter
395,Shaine,Dituri,Shaine.Dituri@yopmail.com,Shaine.Dituri@gmail.com,firefighter
396,Farrah,Gombach,Farrah.Gombach@yopmail.com,Farrah.Gombach@gmail.com,firefighter
397,Correy,Wyn,Correy.Wyn@yopmail.com,Correy.Wyn@gmail.com,doctor
398,Dolli,Tice,Dolli.Tice@yopmail.com,Dolli.Tice@gmail.com,worker
399,Bernardine,Grimbly,Bernardine.Grimbly@yopmail.com,Bernardine.Grimbly@gmail.com,doctor
400,Abbie,Klotz,Abbie.Klotz@yopmail.com,Abbie.Klotz@gmail.com,developer
401,Tabbatha,Monk,Tabbatha.Monk@yopmail.com,Tabbatha.Monk@gmail.com,worker
402,Mureil,Lail,Mureil.Lail@yopmail.com,Mureil.Lail@gmail.com,doctor
403,Oralee,Iphlgenia,Oralee.Iphlgenia@yopmail.com,Oralee.Iphlgenia@gmail.com,worker
404,Alie,Rhu,Alie.Rhu@yopmail.com,Alie.Rhu@gmail.com,firefighter
405,Lila,Gahl,Lila.Gahl@yopmail.com,Lila.Gahl@gmail.com,worker
406,Roxane,Belldas,Roxane.Belldas@yopmail.com,Roxane.Belldas@gmail.com,developer
407,Jany,Eiser,Jany.Eiser@yopmail.com,Jany.Eiser@gmail.com,police officer
408,Cam,Tice,Cam.Tice@yopmail.com,Cam.Tice@gmail.com,doctor
409,Chloris,Alrich,Chloris.Alrich@yopmail.com,Chloris.Alrich@gmail.com,doctor
410,Phylis,Lenny,Phylis.Lenny@yopmail.com,Phylis.Lenny@gmail.com,police officer
411,Dorthy,Suk,Dorthy.Suk@yopmail.com,Dorthy.Suk@gmail.com,police officer
412,Lyssa,Nicoline,Lyssa.Nicoline@yopmail.com,Lyssa.Nicoline@gmail.com,worker
413,Nelle,Noelyn,Nelle.Noelyn@yopmail.com,Nelle.Noelyn@gmail.com,police officer
414,Farrah,Kravits,Farrah.Kravits@yopmail.com,Farrah.Kravits@gmail.com,worker
415,Shaylyn,Chauncey,Shaylyn.Chauncey@yopmail.com,Shaylyn.Chauncey@gmail.com,doctor
416,Vanessa,Sundin,Vanessa.Sundin@yopmail.com,Vanessa.Sundin@gmail.com,doctor
417,Shirlee,Lunsford,Shirlee.Lunsford@yopmail.com,Shirlee.Lunsford@gmail.com,worker
418,Aimil,Bivins,Aimil.Bivins@yopmail.com,Aimil.Bivins@gmail.com,police officer
419,Mary,Primalia,Mary.Primalia@yopmail.com,Mary.Primalia@gmail.com,police officer
420,Phylis,Argus,Phylis.Argus@yopmail.com,Phylis.Argus@gmail.com,worker
421,Steffane,Dorothy,Steffane.Dorothy@yopmail.com,Steffane.Dorothy@gmail.com,firefighter
422,Kristina,Erskine,Kristina.Erskine@yopmail.com,Kristina.Erskine@gmail.com,police officer
423,Merrie,McNully,Merrie.McNully@yopmail.com,Merrie.McNully@gmail.com,developer
424,Sophia,Therine,Sophia.Therine@yopmail.com,Sophia.Therine@gmail.com,developer
425,Frank,Imelida,Frank.Imelida@yopmail.com,Frank.Imelida@gmail.com,developer
426,Nikki,Infield,Nikki.Infield@yopmail.com,Nikki.Infield@gmail.com,developer
427,Antonietta,Pulsifer,Antonietta.Pulsifer@yopmail.com,Antonietta.Pulsifer@gmail.com,firefighter
428,Ezmeralda,Masao,Ezmeralda.Masao@yopmail.com,Ezmeralda.Masao@gmail.com,worker
429,Mireielle,Fiester,Mireielle.Fiester@yopmail.com,Mireielle.Fiester@gmail.com,developer
430,Mara,Kimmie,Mara.Kimmie@yopmail.com,Mara.Kimmie@gmail.com,developer
431,Tobe,Nance,Tobe.Nance@yopmail.com,Tobe.Nance@gmail.com,police officer
432,Beth,Armanda,Beth.Armanda@yopmail.com,Beth.Armanda@gmail.com,developer
433,Benita,Bettine,Benita.Bettine@yopmail.com,Benita.Bettine@gmail.com,police officer
434,Susan,Blake,Susan.Blake@yopmail.com,Susan.Blake@gmail.com,worker
435,Marinna,Jacinda,Marinna.Jacinda@yopmail.com,Marinna.Jacinda@gmail.com,developer
436,Annecorinne,Kauppi,Annecorinne.Kauppi@yopmail.com,Annecorinne.Kauppi@gmail.com,police officer
437,Florencia,Berard,Florencia.Berard@yopmail.com,Florencia.Berard@gmail.com,firefighter
438,Britni,Bow,Britni.Bow@yopmail.com,Britni.Bow@gmail.com,doctor
439,Danika,Naor,Danika.Naor@yopmail.com,Danika.Naor@gmail.com,worker
440,Nannie,Birdella,Nannie.Birdella@yopmail.com,Nannie.Birdella@gmail.com,firefighter
441,Ardeen,Abbot,Ardeen.Abbot@yopmail.com,Ardeen.Abbot@gmail.com,worker
442,Kimberley,Leffen,Kimberley.Leffen@yopmail.com,Kimberley.Leffen@gmail.com,doctor
443,Jenda,Anton,Jenda.Anton@yopmail.com,Jenda.Anton@gmail.com,worker
444,Debee,Felizio,Debee.Felizio@yopmail.com,Debee.Felizio@gmail.com,police officer
445,Iseabal,Wandie,Iseabal.Wandie@yopmail.com,Iseabal.Wandie@gmail.com,police officer
446,Jacquetta,Fax,Jacquetta.Fax@yopmail.com,Jacquetta.Fax@gmail.com,firefighter
447,Penelopa,Velick,Penelopa.Velick@yopmail.com,Penelopa.Velick@gmail.com,developer
448,Hope,Joli,Hope.Joli@yopmail.com,Hope.Joli@gmail.com,firefighter
449,Ofilia,Raimondo,Ofilia.Raimondo@yopmail.com,Ofilia.Raimondo@gmail.com,firefighter
450,Melanie,Leffen,Melanie.Leffen@yopmail.com,Melanie.Leffen@gmail.com,developer
451,Layla,Lacombe,Layla.Lacombe@yopmail.com,Layla.Lacombe@gmail.com,police officer
452,Carolina,Ambrosia,Carolina.Ambrosia@yopmail.com,Carolina.Ambrosia@gmail.com,worker
453,Nelle,Uird,Nelle.Uird@yopmail.com,Nelle.Uird@gmail.com,police officer
454,Dawn,Adore,Dawn.Adore@yopmail.com,Dawn.Adore@gmail.com,police officer
455,Kerrin,Cloris,Kerrin.Cloris@yopmail.com,Kerrin.Cloris@gmail.com,firefighter
456,Clo,Artie,Clo.Artie@yopmail.com,Clo.Artie@gmail.com,police officer
457,Jordan,Kunin,Jordan.Kunin@yopmail.com,Jordan.Kunin@gmail.com,doctor
458,Ninnetta,Eiser,Ninnetta.Eiser@yopmail.com,Ninnetta.Eiser@gmail.com,doctor
459,Frank,Jacobah,Frank.Jacobah@yopmail.com,Frank.Jacobah@gmail.com,worker
460,Liana,Blase,Liana.Blase@yopmail.com,Liana.Blase@gmail.com,developer
461,Maridel,Erlandson,Maridel.Erlandson@yopmail.com,Maridel.Erlandson@gmail.com,worker
462,Ginnie,Chrystel,Ginnie.Chrystel@yopmail.com,Ginnie.Chrystel@gmail.com,firefighter
463,Lucy,Poppy,Lucy.Poppy@yopmail.com,Lucy.Poppy@gmail.com,police officer
464,Oona,Quinn,Oona.Quinn@yopmail.com,Oona.Quinn@gmail.com,police officer
465,Cordi,Zachary,Cordi.Zachary@yopmail.com,Cordi.Zachary@gmail.com,doctor
466,Alleen,Elo,Alleen.Elo@yopmail.com,Alleen.Elo@gmail.com,doctor
467,Steffane,Roxanna,Steffane.Roxanna@yopmail.com,Steffane.Roxanna@gmail.com,doctor
468,Sophia,Norrie,Sophia.Norrie@yopmail.com,Sophia.Norrie@gmail.com,police officer
469,Brandise,Adore,Brandise.Adore@yopmail.com,Brandise.Adore@gmail.com,doctor
470,Miquela,Hewitt,Miquela.Hewitt@yopmail.com,Miquela.Hewitt@gmail.com,worker
471,Fanchon,Lorenz,Fanchon.Lorenz@yopmail.com,Fanchon.Lorenz@gmail.com,worker
472,Augustine,Giule,Augustine.Giule@yopmail.com,Augustine.Giule@gmail.com,police officer
473,Caressa,Felecia,Caressa.Felecia@yopmail.com,Caressa.Felecia@gmail.com,doctor
474,Loree,Malvino,Loree.Malvino@yopmail.com,Loree.Malvino@gmail.com,firefighter
475,Nelle,Whittaker,Nelle.Whittaker@yopmail.com,Nelle.Whittaker@gmail.com,firefighter
476,Cindelyn,Saree,Cindelyn.Saree@yopmail.com,Cindelyn.Saree@gmail.com,worker
477,Raina,Drus,Raina.Drus@yopmail.com,Raina.Drus@gmail.com,firefighter
478,Taffy,Dituri,Taffy.Dituri@yopmail.com,Taffy.Dituri@gmail.com,doctor
479,Miquela,Penelopa,Miquela.Penelopa@yopmail.com,Miquela.Penelopa@gmail.com,developer
480,Julieta,Pacorro,Julieta.Pacorro@yopmail.com,Julieta.Pacorro@gmail.com,doctor
481,Romona,Mendez,Romona.Mendez@yopmail.com,Romona.Mendez@gmail.com,police officer
482,Donetta,Kalinda,Donetta.Kalinda@yopmail.com,Donetta.Kalinda@gmail.com,firefighter
483,Bettine,Katrine,Bettine.Katrine@yopmail.com,Bettine.Katrine@gmail.com,worker
484,Rosaline,Sherrie,Rosaline.Sherrie@yopmail.com,Rosaline.Sherrie@gmail.com,doctor
485,Jere,Pernick,Jere.Pernick@yopmail.com,Jere.Pernick@gmail.com,worker
486,Pamella,Ethban,Pamella.Ethban@yopmail.com,Pamella.Ethban@gmail.com,firefighter
487,Rosene,Ummersen,Rosene.Ummersen@yopmail.com,Rosene.Ummersen@gmail.com,doctor
488,Orelia,Stoller,Orelia.Stoller@yopmail.com,Orelia.Stoller@gmail.com,police officer
489,Lila,Natalia,Lila.Natalia@yopmail.com,Lila.Natalia@gmail.com,worker
490,Marcelline,Poll,Marcelline.Poll@yopmail.com,Marcelline.Poll@gmail.com,firefighter
491,Tilly,Radu,Tilly.Radu@yopmail.com,Tilly.Radu@gmail.com,doctor
492,Moyna,Arvo,Moyna.Arvo@yopmail.com,Moyna.Arvo@gmail.com,worker
493,Jorry,Zuzana,Jorry.Zuzana@yopmail.com,Jorry.Zuzana@gmail.com,developer
494,Cecile,Dielu,Cecile.Dielu@yopmail.com,Cecile.Dielu@gmail.com,firefighter
495,Debee,Henrie,Debee.Henrie@yopmail.com,Debee.Henrie@gmail.com,police officer
496,Christy,O'Rourke,Christy.O'Rourke@yopmail.com,Christy.O'Rourke@gmail.com,doctor
497,Emelina,Quent,Emelina.Quent@yopmail.com,Emelina.Quent@gmail.com,developer
498,Dione,Greenwald,Dione.Greenwald@yopmail.com,Dione.Greenwald@gmail.com,police officer
499,Gui,Brenn,Gui.Brenn@yopmail.com,Gui.Brenn@gmail.com,firefighter
500,Larine,Masao,Larine.Masao@yopmail.com,Larine.Masao@gmail.com,developer
501,Maud,Tjon,Maud.Tjon@yopmail.com,Maud.Tjon@gmail.com,police officer
502,Helena,Bouchard,Helena.Bouchard@yopmail.com,Helena.Bouchard@gmail.com,police officer
503,Althea,Fulmer,Althea.Fulmer@yopmail.com,Althea.Fulmer@gmail.com,worker
504,Iseabal,Gwenore,Iseabal.Gwenore@yopmail.com,Iseabal.Gwenore@gmail.com,worker
505,Ulrike,Jobi,Ulrike.Jobi@yopmail.com,Ulrike.Jobi@gmail.com,firefighter
506,Agathe,Anderea,Agathe.Anderea@yopmail.com,Agathe.Anderea@gmail.com,police officer
507,Aigneis,Lynn,Aigneis.Lynn@yopmail.com,Aigneis.Lynn@gmail.com,firefighter
508,Layla,Wooster,Layla.Wooster@yopmail.com,Layla.Wooster@gmail.com,worker
509,Latisha,Pacorro,Latisha.Pacorro@yopmail.com,Latisha.Pacorro@gmail.com,police officer
510,Max,Docilla,Max.Docilla@yopmail.com,Max.Docilla@gmail.com,worker
511,Berget,Milson,Berget.Milson@yopmail.com,Berget.Milson@gmail.com,worker
512,Tonia,Pascia,Tonia.Pascia@yopmail.com,Tonia.Pascia@gmail.com,firefighter
513,Netty,Wolfgram,Netty.Wolfgram@yopmail.com,Netty.Wolfgram@gmail.com,developer
514,Danny,Ardra,Danny.Ardra@yopmail.com,Danny.Ardra@gmail.com,worker
515,Hollie,Donoghue,Hollie.Donoghue@yopmail.com,Hollie.Donoghue@gmail.com,worker
516,Lelah,Bach,Lelah.Bach@yopmail.com,Lelah.Bach@gmail.com,doctor
517,Maryellen,Goth,Maryellen.Goth@yopmail.com,Maryellen.Goth@gmail.com,police officer
518,Raf,Kosey,Raf.Kosey@yopmail.com,Raf.Kosey@gmail.com,developer
519,Leona,Mallon,Leona.Mallon@yopmail.com,Leona.Mallon@gmail.com,worker
520,Delilah,Dermott,Delilah.Dermott@yopmail.com,Delilah.Dermott@gmail.com,police officer
521,Sadie,Clywd,Sadie.Clywd@yopmail.com,Sadie.Clywd@gmail.com,developer
522,Netty,Granoff,Netty.Granoff@yopmail.com,Netty.Granoff@gmail.com,police officer
523,Frank,Merriott,Frank.Merriott@yopmail.com,Frank.Merriott@gmail.com,doctor
524,Petronia,Trace,Petronia.Trace@yopmail.com,Petronia.Trace@gmail.com,police officer
525,Eugine,Rese,Eugine.Rese@yopmail.com,Eugine.Rese@gmail.com,worker
526,Kellen,Hunfredo,Kellen.Hunfredo@yopmail.com,Kellen.Hunfredo@gmail.com,developer
527,Kenna,Helve,Kenna.Helve@yopmail.com,Kenna.Helve@gmail.com,police officer
528,Netty,Alabaster,Netty.Alabaster@yopmail.com,Netty.Alabaster@gmail.com,police officer
529,Georgina,Dearborn,Georgina.Dearborn@yopmail.com,Georgina.Dearborn@gmail.com,doctor
530,Rosene,Pettiford,Rosene.Pettiford@yopmail.com,Rosene.Pettiford@gmail.com,firefighter
531,Brynna,Georgy,Brynna.Georgy@yopmail.com,Brynna.Georgy@gmail.com,developer
532,Cindelyn,Bates,Cindelyn.Bates@yopmail.com,Cindelyn.Bates@gmail.com,firefighter
533,Allis,Jerald,Allis.Jerald@yopmail.com,Allis.Jerald@gmail.com,doctor
534,Bill,Wooster,Bill.Wooster@yopmail.com,Bill.Wooster@gmail.com,police officer
535,Celisse,Lumbard,Celisse.Lumbard@yopmail.com,Celisse.Lumbard@gmail.com,doctor
536,Peri,Erb,Peri.Erb@yopmail.com,Peri.Erb@gmail.com,developer
537,Elmira,Maribeth,Elmira.Maribeth@yopmail.com,Elmira.Maribeth@gmail.com,developer
538,Concettina,Weinreb,Concettina.Weinreb@yopmail.com,Concettina.Weinreb@gmail.com,developer
539,Mamie,Rolf,Mamie.Rolf@yopmail.com,Mamie.Rolf@gmail.com,firefighter
540,Tami,Docilla,Tami.Docilla@yopmail.com,Tami.Docilla@gmail.com,firefighter
541,Elena,Obed,Elena.Obed@yopmail.com,Elena.Obed@gmail.com,doctor
542,Priscilla,Ochs,Priscilla.Ochs@yopmail.com,Priscilla.Ochs@gmail.com,developer
543,Louella,Malina,Louella.Malina@yopmail.com,Louella.Malina@gmail.com,firefighter
544,Joeann,Aurelio,Joeann.Aurelio@yopmail.com,Joeann.Aurelio@gmail.com,police officer
545,Sophia,Schlosser,Sophia.Schlosser@yopmail.com,Sophia.Schlosser@gmail.com,worker
546,Donetta,Plato,Donetta.Plato@yopmail.com,Donetta.Plato@gmail.com,worker
547,Norine,Nisbet,Norine.Nisbet@yopmail.com,Norine.Nisbet@gmail.com,doctor
548,Arlina,Bebe,Arlina.Bebe@yopmail.com,Arlina.Bebe@gmail.com,developer
549,Gertrud,Felizio,Gertrud.Felizio@yopmail.com,Gertrud.Felizio@gmail.com,firefighter
550,Valli,Goldina,Valli.Goldina@yopmail.com,Valli.Goldina@gmail.com,firefighter
551,Valeda,Yam,Valeda.Yam@yopmail.com,Valeda.Yam@gmail.com,police officer
552,Raina,Loleta,Raina.Loleta@yopmail.com,Raina.Loleta@gmail.com,police officer
553,Sibella,Maisey,Sibella.Maisey@yopmail.com,Sibella.Maisey@gmail.com,doctor
554,Candy,An,Candy.An@yopmail.com,Candy.An@gmail.com,police officer
555,Patricia,Yerkovich,Patricia.Yerkovich@yopmail.com,Patricia.Yerkovich@gmail.com,developer
556,Florencia,Linehan,Florencia.Linehan@yopmail.com,Florencia.Linehan@gmail.com,doctor
557,Concettina,Stuart,Concettina.Stuart@yopmail.com,Concettina.Stuart@gmail.com,doctor
558,Caryl,Fredi,Caryl.Fredi@yopmail.com,Caryl.Fredi@gmail.com,firefighter
559,Dennie,Harned,Dennie.Harned@yopmail.com,Dennie.Harned@gmail.com,worker
560,Danika,Tryck,Danika.Tryck@yopmail.com,Danika.Tryck@gmail.com,worker
561,Blake,My,Blake.My@yopmail.com,Blake.My@gmail.com,worker
562,Leanna,Munn,Leanna.Munn@yopmail.com,Leanna.Munn@gmail.com,developer
563,Danika,Kosey,Danika.Kosey@yopmail.com,Danika.Kosey@gmail.com,police officer
564,Margette,Jacqui,Margette.Jacqui@yopmail.com,Margette.Jacqui@gmail.com,worker
565,Adore,Marisa,Adore.Marisa@yopmail.com,Adore.Marisa@gmail.com,police officer
566,Wilma,Zeeba,Wilma.Zeeba@yopmail.com,Wilma.Zeeba@gmail.com,worker
567,Zia,Blase,Zia.Blase@yopmail.com,Zia.Blase@gmail.com,police officer
568,Ketti,Bultman,Ketti.Bultman@yopmail.com,Ketti.Bultman@gmail.com,doctor
569,Belva,Hubert,Belva.Hubert@yopmail.com,Belva.Hubert@gmail.com,developer
570,Nickie,Kalinda,Nickie.Kalinda@yopmail.com,Nickie.Kalinda@gmail.com,worker
571,Quintina,Martsen,Quintina.Martsen@yopmail.com,Quintina.Martsen@gmail.com,doctor
572,Lanna,Oneida,Lanna.Oneida@yopmail.com,Lanna.Oneida@gmail.com,worker
573,Basia,Seligman,Basia.Seligman@yopmail.com,Basia.Seligman@gmail.com,worker
574,Krystle,Yuille,Krystle.Yuille@yopmail.com,Krystle.Yuille@gmail.com,worker
575,Imojean,Allys,Imojean.Allys@yopmail.com,Imojean.Allys@gmail.com,developer
576,Phylis,Saree,Phylis.Saree@yopmail.com,Phylis.Saree@gmail.com,police officer
577,Tori,Euridice,Tori.Euridice@yopmail.com,Tori.Euridice@gmail.com,firefighter
578,Mallory,Nerita,Mallory.Nerita@yopmail.com,Mallory.Nerita@gmail.com,firefighter
579,Siana,Adamsen,Siana.Adamsen@yopmail.com,Siana.Adamsen@gmail.com,police officer
580,Belinda,Rurik,Belinda.Rurik@yopmail.com,Belinda.Rurik@gmail.com,doctor
581,Beverley,Hanleigh,Beverley.Hanleigh@yopmail.com,Beverley.Hanleigh@gmail.com,developer
582,Britte,Hessler,Britte.Hessler@yopmail.com,Britte.Hessler@gmail.com,worker
583,Lonnie,Yerkovich,Lonnie.Yerkovich@yopmail.com,Lonnie.Yerkovich@gmail.com,firefighter
584,Lenna,Himelman,Lenna.Himelman@yopmail.com,Lenna.Himelman@gmail.com,firefighter
585,Jorry,Chick,Jorry.Chick@yopmail.com,Jorry.Chick@gmail.com,worker
586,Gusella,Valerio,Gusella.Valerio@yopmail.com,Gusella.Valerio@gmail.com,police officer
587,Rosabelle,Magnolia,Rosabelle.Magnolia@yopmail.com,Rosabelle.Magnolia@gmail.com,worker
588,Amara,Cleavland,Amara.Cleavland@yopmail.com,Amara.Cleavland@gmail.com,doctor
589,Hyacinthe,Burch,Hyacinthe.Burch@yopmail.com,Hyacinthe.Burch@gmail.com,doctor
590,Ursulina,Wittie,Ursulina.Wittie@yopmail.com,Ursulina.Wittie@gmail.com,doctor
591,Mara,Cavan,Mara.Cavan@yopmail.com,Mara.Cavan@gmail.com,worker
592,Stevana,Stanwood,Stevana.Stanwood@yopmail.com,Stevana.Stanwood@gmail.com,police officer
593,Alameda,Mott,Alameda.Mott@yopmail.com,Alameda.Mott@gmail.com,firefighter
594,Alejandra,Sancho,Alejandra.Sancho@yopmail.com,Alejandra.Sancho@gmail.com,firefighter
595,Pierette,Oscar,Pierette.Oscar@yopmail.com,Pierette.Oscar@gmail.com,police officer
596,Ezmeralda,Callista,Ezmeralda.Callista@yopmail.com,Ezmeralda.Callista@gmail.com,worker
597,Angelique,Kendrick,Angelique.Kendrick@yopmail.com,Angelique.Kendrick@gmail.com,police officer
598,Catrina,Grimbly,Catrina.Grimbly@yopmail.com,Catrina.Grimbly@gmail.com,doctor
599,Blinni,Vacuva,Blinni.Vacuva@yopmail.com,Blinni.Vacuva@gmail.com,doctor
600,Theodora,Meli,Theodora.Meli@yopmail.com,Theodora.Meli@gmail.com,firefighter
601,Gratia,Phyllis,Gratia.Phyllis@yopmail.com,Gratia.Phyllis@gmail.com,firefighter
602,Kial,Roscoe,Kial.Roscoe@yopmail.com,Kial.Roscoe@gmail.com,firefighter
603,Wanda,Lorain,Wanda.Lorain@yopmail.com,Wanda.Lorain@gmail.com,doctor
604,Lenna,Paton,Lenna.Paton@yopmail.com,Lenna.Paton@gmail.com,worker
605,Nyssa,Jotham,Nyssa.Jotham@yopmail.com,Nyssa.Jotham@gmail.com,doctor
606,Bettine,Romelda,Bettine.Romelda@yopmail.com,Bettine.Romelda@gmail.com,firefighter
607,Karina,Jacinda,Karina.Jacinda@yopmail.com,Karina.Jacinda@gmail.com,developer
608,June,Mitzi,June.Mitzi@yopmail.com,June.Mitzi@gmail.com,doctor
609,Dominga,Himelman,Dominga.Himelman@yopmail.com,Dominga.Himelman@gmail.com,developer
610,Sallie,Merriott,Sallie.Merriott@yopmail.com,Sallie.Merriott@gmail.com,police officer
611,Ileana,Velick,Ileana.Velick@yopmail.com,Ileana.Velick@gmail.com,firefighter
612,Gusella,Hamil,Gusella.Hamil@yopmail.com,Gusella.Hamil@gmail.com,doctor
613,Dorice,Plato,Dorice.Plato@yopmail.com,Dorice.Plato@gmail.com,police officer
614,Dorene,Alice,Dorene.Alice@yopmail.com,Dorene.Alice@gmail.com,worker
615,Maurene,Tarrant,Maurene.Tarrant@yopmail.com,Maurene.Tarrant@gmail.com,doctor
616,Marika,Bennie,Marika.Bennie@yopmail.com,Marika.Bennie@gmail.com,doctor
617,Angela,Faria,Angela.Faria@yopmail.com,Angela.Faria@gmail.com,police officer
618,Candy,Hourigan,Candy.Hourigan@yopmail.com,Candy.Hourigan@gmail.com,developer
619,Clo,Dahlia,Clo.Dahlia@yopmail.com,Clo.Dahlia@gmail.com,worker
620,Rebeca,Autrey,Rebeca.Autrey@yopmail.com,Rebeca.Autrey@gmail.com,developer
621,Kore,O'Carroll,Kore.O'Carroll@yopmail.com,Kore.O'Carroll@gmail.com,police officer
622,Courtnay,Glenden,Courtnay.Glenden@yopmail.com,Courtnay.Glenden@gmail.com,doctor
623,Clementine,Odysseus,Clementine.Odysseus@yopmail.com,Clementine.Odysseus@gmail.com,worker
624,Vita,Chesna,Vita.Chesna@yopmail.com,Vita.Chesna@gmail.com,worker
625,Eolanda,Allys,Eolanda.Allys@yopmail.com,Eolanda.Allys@gmail.com,developer
626,Clary,Philipp,Clary.Philipp@yopmail.com,Clary.Philipp@gmail.com,police officer
627,Camile,Chrystel,Camile.Chrystel@yopmail.com,Camile.Chrystel@gmail.com,doctor
628,Arabel,Pond,Arabel.Pond@yopmail.com,Arabel.Pond@gmail.com,police officer
629,Ida,Juliet,Ida.Juliet@yopmail.com,Ida.Juliet@gmail.com,worker
630,Philis,Goldina,Philis.Goldina@yopmail.com,Philis.Goldina@gmail.com,worker
631,Ermengarde,Wiener,Ermengarde.Wiener@yopmail.com,Ermengarde.Wiener@gmail.com,doctor
632,Mallory,Scammon,Mallory.Scammon@yopmail.com,Mallory.Scammon@gmail.com,doctor
633,Estell,Sheedy,Estell.Sheedy@yopmail.com,Estell.Sheedy@gmail.com,police officer
634,Edyth,Gilmour,Edyth.Gilmour@yopmail.com,Edyth.Gilmour@gmail.com,police officer
635,Dari,Sekofski,Dari.Sekofski@yopmail.com,Dari.Sekofski@gmail.com,worker
636,Robinia,Jacinda,Robinia.Jacinda@yopmail.com,Robinia.Jacinda@gmail.com,doctor
637,Lynde,Alrich,Lynde.Alrich@yopmail.com,Lynde.Alrich@gmail.com,developer
638,Dawn,Mandler,Dawn.Mandler@yopmail.com,Dawn.Mandler@gmail.com,firefighter
639,Joeann,Decato,Joeann.Decato@yopmail.com,Joeann.Decato@gmail.com,developer
640,Corina,Martsen,Corina.Martsen@yopmail.com,Corina.Martsen@gmail.com,worker
641,Elbertina,Kermit,Elbertina.Kermit@yopmail.com,Elbertina.Kermit@gmail.com,worker
642,Marika,Jary,Marika.Jary@yopmail.com,Marika.Jary@gmail.com,firefighter
643,Brietta,Wareing,Brietta.Wareing@yopmail.com,Brietta.Wareing@gmail.com,developer
644,Teriann,Japeth,Teriann.Japeth@yopmail.com,Teriann.Japeth@gmail.com,worker
645,Arlina,Merat,Arlina.Merat@yopmail.com,Arlina.Merat@gmail.com,worker
646,Lorie,Latini,Lorie.Latini@yopmail.com,Lorie.Latini@gmail.com,police officer
647,Madeleine,Ventre,Madeleine.Ventre@yopmail.com,Madeleine.Ventre@gmail.com,doctor
648,Berget,Naashom,Berget.Naashom@yopmail.com,Berget.Naashom@gmail.com,firefighter
649,Cecile,Concha,Cecile.Concha@yopmail.com,Cecile.Concha@gmail.com,worker
650,Sarette,Gert,Sarette.Gert@yopmail.com,Sarette.Gert@gmail.com,police officer
651,Beatriz,Zina,Beatriz.Zina@yopmail.com,Beatriz.Zina@gmail.com,doctor
652,Marinna,Prouty,Marinna.Prouty@yopmail.com,Marinna.Prouty@gmail.com,firefighter
653,Elena,Ingra,Elena.Ingra@yopmail.com,Elena.Ingra@gmail.com,worker
654,Lila,Gwenore,Lila.Gwenore@yopmail.com,Lila.Gwenore@gmail.com,worker
655,Beatriz,Alejoa,Beatriz.Alejoa@yopmail.com,Beatriz.Alejoa@gmail.com,worker
656,Livvyy,Millda,Livvyy.Millda@yopmail.com,Livvyy.Millda@gmail.com,firefighter
657,Danika,Herrera,Danika.Herrera@yopmail.com,Danika.Herrera@gmail.com,developer
658,Heddie,Wilkinson,Heddie.Wilkinson@yopmail.com,Heddie.Wilkinson@gmail.com,firefighter
659,Arlena,Clara,Arlena.Clara@yopmail.com,Arlena.Clara@gmail.com,police officer
660,Wileen,Peonir,Wileen.Peonir@yopmail.com,Wileen.Peonir@gmail.com,worker
661,Karolina,Hashim,Karolina.Hashim@yopmail.com,Karolina.Hashim@gmail.com,worker
662,Tina,Astra,Tina.Astra@yopmail.com,Tina.Astra@gmail.com,developer
663,Sherrie,Tjon,Sherrie.Tjon@yopmail.com,Sherrie.Tjon@gmail.com,developer
664,Kore,Ezar,Kore.Ezar@yopmail.com,Kore.Ezar@gmail.com,firefighter
665,Maye,Allare,Maye.Allare@yopmail.com,Maye.Allare@gmail.com,firefighter
666,Ellette,Joeann,Ellette.Joeann@yopmail.com,Ellette.Joeann@gmail.com,doctor
667,Maud,Obed,Maud.Obed@yopmail.com,Maud.Obed@gmail.com,worker
668,Georgetta,Ax,Georgetta.Ax@yopmail.com,Georgetta.Ax@gmail.com,firefighter
669,Kayla,Percy,Kayla.Percy@yopmail.com,Kayla.Percy@gmail.com,police officer
670,Angela,Allys,Angela.Allys@yopmail.com,Angela.Allys@gmail.com,police officer
671,Eve,Brenn,Eve.Brenn@yopmail.com,Eve.Brenn@gmail.com,police officer
672,Tracey,Bevin,Tracey.Bevin@yopmail.com,Tracey.Bevin@gmail.com,police officer
673,Elfreda,Cottle,Elfreda.Cottle@yopmail.com,Elfreda.Cottle@gmail.com,doctor
674,Maridel,Parsaye,Maridel.Parsaye@yopmail.com,Maridel.Parsaye@gmail.com,worker
675,Veda,Tjon,Veda.Tjon@yopmail.com,Veda.Tjon@gmail.com,worker
676,Wanda,Robertson,Wanda.Robertson@yopmail.com,Wanda.Robertson@gmail.com,worker
677,Aeriela,Tyson,Aeriela.Tyson@yopmail.com,Aeriela.Tyson@gmail.com,police officer
678,Agathe,Goth,Agathe.Goth@yopmail.com,Agathe.Goth@gmail.com,firefighter
679,Stacey,Jillane,Stacey.Jillane@yopmail.com,Stacey.Jillane@gmail.com,developer
680,Joelly,Hashim,Joelly.Hashim@yopmail.com,Joelly.Hashim@gmail.com,doctor
681,Latisha,Libna,Latisha.Libna@yopmail.com,Latisha.Libna@gmail.com,developer
682,Viki,Lindemann,Viki.Lindemann@yopmail.com,Viki.Lindemann@gmail.com,developer
683,Leona,Curren,Leona.Curren@yopmail.com,Leona.Curren@gmail.com,doctor
684,Ileana,Odell,Ileana.Odell@yopmail.com,Ileana.Odell@gmail.com,developer
685,Tera,Gladstone,Tera.Gladstone@yopmail.com,Tera.Gladstone@gmail.com,developer
686,Pearline,Cressida,Pearline.Cressida@yopmail.com,Pearline.Cressida@gmail.com,firefighter
687,Ellette,Viddah,Ellette.Viddah@yopmail.com,Ellette.Viddah@gmail.com,doctor
688,Joelly,Greenwald,Joelly.Greenwald@yopmail.com,Joelly.Greenwald@gmail.com,firefighter
689,Kary,Paine,Kary.Paine@yopmail.com,Kary.Paine@gmail.com,doctor
690,Aaren,Rossner,Aaren.Rossner@yopmail.com,Aaren.Rossner@gmail.com,doctor
691,Glenda,Secrest,Glenda.Secrest@yopmail.com,Glenda.Secrest@gmail.com,doctor
692,Rani,Deny,Rani.Deny@yopmail.com,Rani.Deny@gmail.com,developer
693,Marika,Hebner,Marika.Hebner@yopmail.com,Marika.Hebner@gmail.com,developer
694,June,Dielu,June.Dielu@yopmail.com,June.Dielu@gmail.com,doctor
695,Annecorinne,Gregrory,Annecorinne.Gregrory@yopmail.com,Annecorinne.Gregrory@gmail.com,police officer
696,Darci,Torray,Darci.Torray@yopmail.com,Darci.Torray@gmail.com,firefighter
697,Ethel,Raul,Ethel.Raul@yopmail.com,Ethel.Raul@gmail.com,firefighter
698,Lauryn,Minetta,Lauryn.Minetta@yopmail.com,Lauryn.Minetta@gmail.com,doctor
699,Janenna,Even,Janenna.Even@yopmail.com,Janenna.Even@gmail.com,developer
700,Natka,Norrie,Natka.Norrie@yopmail.com,Natka.Norrie@gmail.com,firefighter
701,Julieta,Chauncey,Julieta.Chauncey@yopmail.com,Julieta.Chauncey@gmail.com,worker
702,Dominga,Anestassia,Dominga.Anestassia@yopmail.com,Dominga.Anestassia@gmail.com,doctor
703,Ileana,Ax,Ileana.Ax@yopmail.com,Ileana.Ax@gmail.com,worker
704,Kore,Germann,Kore.Germann@yopmail.com,Kore.Germann@gmail.com,firefighter
705,Nananne,Bergman,Nananne.Bergman@yopmail.com,Nananne.Bergman@gmail.com,doctor
706,Feliza,Diann,Feliza.Diann@yopmail.com,Feliza.Diann@gmail.com,police officer
707,Anica,Isidore,Anica.Isidore@yopmail.com,Anica.Isidore@gmail.com,police officer
708,Atlanta,Marden,Atlanta.Marden@yopmail.com,Atlanta.Marden@gmail.com,doctor
709,Jany,Thunell,Jany.Thunell@yopmail.com,Jany.Thunell@gmail.com,developer
710,Sadie,Koehler,Sadie.Koehler@yopmail.com,Sadie.Koehler@gmail.com,developer
711,Cristabel,Alfons,Cristabel.Alfons@yopmail.com,Cristabel.Alfons@gmail.com,doctor
712,Jeanna,Zeeba,Jeanna.Zeeba@yopmail.com,Jeanna.Zeeba@gmail.com,worker
713,Tiffie,Moina,Tiffie.Moina@yopmail.com,Tiffie.Moina@gmail.com,police officer
714,Karolina,Berriman,Karolina.Berriman@yopmail.com,Karolina.Berriman@gmail.com,police officer
715,Brena,Thunell,Brena.Thunell@yopmail.com,Brena.Thunell@gmail.com,worker
716,Kaja,Kannry,Kaja.Kannry@yopmail.com,Kaja.Kannry@gmail.com,worker
717,Isa,Lorenz,Isa.Lorenz@yopmail.com,Isa.Lorenz@gmail.com,doctor
718,Kimberley,Yuille,Kimberley.Yuille@yopmail.com,Kimberley.Yuille@gmail.com,doctor
719,Nataline,Alwin,Nataline.Alwin@yopmail.com,Nataline.Alwin@gmail.com,doctor
720,Nonnah,Yoko,Nonnah.Yoko@yopmail.com,Nonnah.Yoko@gmail.com,worker
721,Lynea,Albertine,Lynea.Albertine@yopmail.com,Lynea.Albertine@gmail.com,doctor
722,Christian,Izaak,Christian.Izaak@yopmail.com,Christian.Izaak@gmail.com,developer
723,Jenda,Stover,Jenda.Stover@yopmail.com,Jenda.Stover@gmail.com,firefighter
724,Ardys,Urania,Ardys.Urania@yopmail.com,Ardys.Urania@gmail.com,worker
725,Mady,Elephus,Mady.Elephus@yopmail.com,Mady.Elephus@gmail.com,firefighter
726,Shauna,Medrek,Shauna.Medrek@yopmail.com,Shauna.Medrek@gmail.com,worker
727,Laure,Jenness,Laure.Jenness@yopmail.com,Laure.Jenness@gmail.com,police officer
728,Ann-Marie,Jagir,Ann-Marie.Jagir@yopmail.com,Ann-Marie.Jagir@gmail.com,firefighter
729,Katuscha,Libna,Katuscha.Libna@yopmail.com,Katuscha.Libna@gmail.com,firefighter
730,Johna,Zenas,Johna.Zenas@yopmail.com,Johna.Zenas@gmail.com,doctor
731,Margalo,Tjon,Margalo.Tjon@yopmail.com,Margalo.Tjon@gmail.com,developer
732,Nikki,Swanhildas,Nikki.Swanhildas@yopmail.com,Nikki.Swanhildas@gmail.com,doctor
733,Leanna,Brady,Leanna.Brady@yopmail.com,Leanna.Brady@gmail.com,worker
734,Alex,Read,Alex.Read@yopmail.com,Alex.Read@gmail.com,worker
735,Florie,Bari,Florie.Bari@yopmail.com,Florie.Bari@gmail.com,police officer
736,Wanda,Wyn,Wanda.Wyn@yopmail.com,Wanda.Wyn@gmail.com,police officer
737,Ericka,Olin,Ericka.Olin@yopmail.com,Ericka.Olin@gmail.com,police officer
738,Cathyleen,Edvard,Cathyleen.Edvard@yopmail.com,Cathyleen.Edvard@gmail.com,doctor
739,Christal,Zenas,Christal.Zenas@yopmail.com,Christal.Zenas@gmail.com,worker
740,Leontine,Blake,Leontine.Blake@yopmail.com,Leontine.Blake@gmail.com,firefighter
741,Danika,Craggie,Danika.Craggie@yopmail.com,Danika.Craggie@gmail.com,developer
742,Xylina,Christine,Xylina.Christine@yopmail.com,Xylina.Christine@gmail.com,doctor
743,Romona,Ferino,Romona.Ferino@yopmail.com,Romona.Ferino@gmail.com,doctor
744,Florie,Freddi,Florie.Freddi@yopmail.com,Florie.Freddi@gmail.com,developer
745,Nananne,Thad,Nananne.Thad@yopmail.com,Nananne.Thad@gmail.com,police officer
746,Yetty,Ledah,Yetty.Ledah@yopmail.com,Yetty.Ledah@gmail.com,police officer
747,Jennica,Vanni,Jennica.Vanni@yopmail.com,Jennica.Vanni@gmail.com,worker
748,Mady,Agle,Mady.Agle@yopmail.com,Mady.Agle@gmail.com,doctor
749,Oralee,Eno,Oralee.Eno@yopmail.com,Oralee.Eno@gmail.com,firefighter
750,Angelique,Ries,Angelique.Ries@yopmail.com,Angelique.Ries@gmail.com,police officer
751,Andree,Talia,Andree.Talia@yopmail.com,Andree.Talia@gmail.com,developer
752,Ardenia,Orlene,Ardenia.Orlene@yopmail.com,Ardenia.Orlene@gmail.com,worker
753,Regina,Henebry,Regina.Henebry@yopmail.com,Regina.Henebry@gmail.com,firefighter
754,Janeczka,Isidore,Janeczka.Isidore@yopmail.com,Janeczka.Isidore@gmail.com,police officer
755,Natka,Gert,Natka.Gert@yopmail.com,Natka.Gert@gmail.com,doctor
756,Odessa,Peti,Odessa.Peti@yopmail.com,Odessa.Peti@gmail.com,doctor
757,Paule,Teryn,Paule.Teryn@yopmail.com,Paule.Teryn@gmail.com,doctor
758,Jorry,Pierette,Jorry.Pierette@yopmail.com,Jorry.Pierette@gmail.com,firefighter
759,Imojean,LaRue,Imojean.LaRue@yopmail.com,Imojean.LaRue@gmail.com,developer
760,Kassey,Faso,Kassey.Faso@yopmail.com,Kassey.Faso@gmail.com,doctor
761,Demetris,Geffner,Demetris.Geffner@yopmail.com,Demetris.Geffner@gmail.com,worker
762,Kenna,Raama,Kenna.Raama@yopmail.com,Kenna.Raama@gmail.com,doctor
763,Melisent,Allare,Melisent.Allare@yopmail.com,Melisent.Allare@gmail.com,doctor
764,Leontine,Dielu,Leontine.Dielu@yopmail.com,Leontine.Dielu@gmail.com,developer
765,Annaliese,Trinetta,Annaliese.Trinetta@yopmail.com,Annaliese.Trinetta@gmail.com,firefighter
766,Myrtice,Grimbly,Myrtice.Grimbly@yopmail.com,Myrtice.Grimbly@gmail.com,doctor
767,Christy,Isacco,Christy.Isacco@yopmail.com,Christy.Isacco@gmail.com,doctor
768,Fidelia,Erlandson,Fidelia.Erlandson@yopmail.com,Fidelia.Erlandson@gmail.com,police officer
769,Jenda,Wareing,Jenda.Wareing@yopmail.com,Jenda.Wareing@gmail.com,worker
770,Jessy,Dalli,Jessy.Dalli@yopmail.com,Jessy.Dalli@gmail.com,doctor
771,Amalie,Geffner,Amalie.Geffner@yopmail.com,Amalie.Geffner@gmail.com,police officer
772,Lusa,Elvyn,Lusa.Elvyn@yopmail.com,Lusa.Elvyn@gmail.com,developer
773,Millie,Swanhildas,Millie.Swanhildas@yopmail.com,Millie.Swanhildas@gmail.com,doctor
774,Doro,Brotherson,Doro.Brotherson@yopmail.com,Doro.Brotherson@gmail.com,firefighter
775,Consuela,Judye,Consuela.Judye@yopmail.com,Consuela.Judye@gmail.com,developer
776,Viki,Rocray,Viki.Rocray@yopmail.com,Viki.Rocray@gmail.com,police officer
777,Lacie,Caitlin,Lacie.Caitlin@yopmail.com,Lacie.Caitlin@gmail.com,developer
778,Gilligan,Cullin,Gilligan.Cullin@yopmail.com,Gilligan.Cullin@gmail.com,police officer
779,Nerta,Alexandr,Nerta.Alexandr@yopmail.com,Nerta.Alexandr@gmail.com,firefighter
780,Roberta,Mott,Roberta.Mott@yopmail.com,Roberta.Mott@gmail.com,firefighter
781,Doro,Rosemary,Doro.Rosemary@yopmail.com,Doro.Rosemary@gmail.com,police officer
782,Tybie,Tristram,Tybie.Tristram@yopmail.com,Tybie.Tristram@gmail.com,doctor
783,Amalie,Edvard,Amalie.Edvard@yopmail.com,Amalie.Edvard@gmail.com,developer
784,Libbie,Uird,Libbie.Uird@yopmail.com,Libbie.Uird@gmail.com,developer
785,Jackie,Paine,Jackie.Paine@yopmail.com,Jackie.Paine@gmail.com,worker
786,Melisent,Nerita,Melisent.Nerita@yopmail.com,Melisent.Nerita@gmail.com,doctor
787,Brynna,Voletta,Brynna.Voletta@yopmail.com,Brynna.Voletta@gmail.com,firefighter
788,Jany,Norvol,Jany.Norvol@yopmail.com,Jany.Norvol@gmail.com,firefighter
789,Nariko,Ralfston,Nariko.Ralfston@yopmail.com,Nariko.Ralfston@gmail.com,firefighter
790,Anestassia,Anselmi,Anestassia.Anselmi@yopmail.com,Anestassia.Anselmi@gmail.com,worker
791,Ana,Gunn,Ana.Gunn@yopmail.com,Ana.Gunn@gmail.com,firefighter
792,Larine,Lumbard,Larine.Lumbard@yopmail.com,Larine.Lumbard@gmail.com,worker
793,Ginnie,Nedrud,Ginnie.Nedrud@yopmail.com,Ginnie.Nedrud@gmail.com,doctor
794,Harmonia,Annice,Harmonia.Annice@yopmail.com,Harmonia.Annice@gmail.com,firefighter
795,Sashenka,Bari,Sashenka.Bari@yopmail.com,Sashenka.Bari@gmail.com,police officer
796,Elbertina,Nicoline,Elbertina.Nicoline@yopmail.com,Elbertina.Nicoline@gmail.com,developer
797,Bibby,Braun,Bibby.Braun@yopmail.com,Bibby.Braun@gmail.com,police officer
798,Cassandra,Kathie,Cassandra.Kathie@yopmail.com,Cassandra.Kathie@gmail.com,firefighter
799,Minda,Tryck,Minda.Tryck@yopmail.com,Minda.Tryck@gmail.com,doctor
800,Corina,Mozelle,Corina.Mozelle@yopmail.com,Corina.Mozelle@gmail.com,firefighter
801,Aubrie,Karna,Aubrie.Karna@yopmail.com,Aubrie.Karna@gmail.com,doctor
802,Carmencita,Elephus,Carmencita.Elephus@yopmail.com,Carmencita.Elephus@gmail.com,worker
803,Maisey,Georgy,Maisey.Georgy@yopmail.com,Maisey.Georgy@gmail.com,worker
804,Selia,Lea,Selia.Lea@yopmail.com,Selia.Lea@gmail.com,worker
805,Calla,Virgin,Calla.Virgin@yopmail.com,Calla.Virgin@gmail.com,firefighter
806,Modestia,Imelida,Modestia.Imelida@yopmail.com,Modestia.Imelida@gmail.com,doctor
807,Cindelyn,Malanie,Cindelyn.Malanie@yopmail.com,Cindelyn.Malanie@gmail.com,worker
808,Aili,Esmaria,Aili.Esmaria@yopmail.com,Aili.Esmaria@gmail.com,developer
809,Blake,Malanie,Blake.Malanie@yopmail.com,Blake.Malanie@gmail.com,worker
810,Marsiella,Schwejda,Marsiella.Schwejda@yopmail.com,Marsiella.Schwejda@gmail.com,doctor
811,Lelah,Toffic,Lelah.Toffic@yopmail.com,Lelah.Toffic@gmail.com,doctor
812,Shauna,Rheingold,Shauna.Rheingold@yopmail.com,Shauna.Rheingold@gmail.com,developer
813,Corly,Blase,Corly.Blase@yopmail.com,Corly.Blase@gmail.com,developer
814,Agathe,Hilbert,Agathe.Hilbert@yopmail.com,Agathe.Hilbert@gmail.com,firefighter
815,Tersina,Hirsch,Tersina.Hirsch@yopmail.com,Tersina.Hirsch@gmail.com,doctor
816,Binny,Fry,Binny.Fry@yopmail.com,Binny.Fry@gmail.com,police officer
817,Korrie,Dex,Korrie.Dex@yopmail.com,Korrie.Dex@gmail.com,doctor
818,Christy,Dunkin,Christy.Dunkin@yopmail.com,Christy.Dunkin@gmail.com,doctor
819,Tiffie,Shaver,Tiffie.Shaver@yopmail.com,Tiffie.Shaver@gmail.com,firefighter
820,Kristan,Federica,Kristan.Federica@yopmail.com,Kristan.Federica@gmail.com,police officer
821,Steffane,Lamoree,Steffane.Lamoree@yopmail.com,Steffane.Lamoree@gmail.com,developer
822,Aubrie,Screens,Aubrie.Screens@yopmail.com,Aubrie.Screens@gmail.com,police officer
823,Di,Wiener,Di.Wiener@yopmail.com,Di.Wiener@gmail.com,police officer
824,Angelique,Margarete,Angelique.Margarete@yopmail.com,Angelique.Margarete@gmail.com,police officer
825,Averyl,Han,Averyl.Han@yopmail.com,Averyl.Han@gmail.com,developer
826,Atlanta,Auberbach,Atlanta.Auberbach@yopmail.com,Atlanta.Auberbach@gmail.com,developer
827,Vevay,Macey,Vevay.Macey@yopmail.com,Vevay.Macey@gmail.com,police officer
828,Karlee,Urias,Karlee.Urias@yopmail.com,Karlee.Urias@gmail.com,worker
829,Marnia,Raseda,Marnia.Raseda@yopmail.com,Marnia.Raseda@gmail.com,firefighter
830,Krystle,Sisile,Krystle.Sisile@yopmail.com,Krystle.Sisile@gmail.com,police officer
831,Katleen,Emmaline,Katleen.Emmaline@yopmail.com,Katleen.Emmaline@gmail.com,worker
832,Farrah,Alice,Farrah.Alice@yopmail.com,Farrah.Alice@gmail.com,developer
833,Oralee,Skurnik,Oralee.Skurnik@yopmail.com,Oralee.Skurnik@gmail.com,doctor
834,Aaren,Croix,Aaren.Croix@yopmail.com,Aaren.Croix@gmail.com,doctor
835,Lita,Tristram,Lita.Tristram@yopmail.com,Lita.Tristram@gmail.com,firefighter
836,Ursulina,Chesna,Ursulina.Chesna@yopmail.com,Ursulina.Chesna@gmail.com,worker
837,Bobbi,Nance,Bobbi.Nance@yopmail.com,Bobbi.Nance@gmail.com,doctor
838,Ketti,Cath,Ketti.Cath@yopmail.com,Ketti.Cath@gmail.com,firefighter
839,Gerianna,Cristi,Gerianna.Cristi@yopmail.com,Gerianna.Cristi@gmail.com,police officer
840,Raina,Lorain,Raina.Lorain@yopmail.com,Raina.Lorain@gmail.com,firefighter
841,Krystle,Briney,Krystle.Briney@yopmail.com,Krystle.Briney@gmail.com,worker
842,Teddie,Aida,Teddie.Aida@yopmail.com,Teddie.Aida@gmail.com,police officer
843,Kate,Raychel,Kate.Raychel@yopmail.com,Kate.Raychel@gmail.com,doctor
844,Clementine,Milde,Clementine.Milde@yopmail.com,Clementine.Milde@gmail.com,worker
845,Pollyanna,Dudley,Pollyanna.Dudley@yopmail.com,Pollyanna.Dudley@gmail.com,police officer
846,Zia,Cath,Zia.Cath@yopmail.com,Zia.Cath@gmail.com,police officer
847,Rhea,Malina,Rhea.Malina@yopmail.com,Rhea.Malina@gmail.com,developer
848,Yolane,Brieta,Yolane.Brieta@yopmail.com,Yolane.Brieta@gmail.com,firefighter
849,Gerrie,Baptlsta,Gerrie.Baptlsta@yopmail.com,Gerrie.Baptlsta@gmail.com,firefighter
850,Marylou,Scammon,Marylou.Scammon@yopmail.com,Marylou.Scammon@gmail.com,firefighter
851,Modestia,Madox,Modestia.Madox@yopmail.com,Modestia.Madox@gmail.com,worker
852,Livvyy,Orelee,Livvyy.Orelee@yopmail.com,Livvyy.Orelee@gmail.com,developer
853,Linet,Tryck,Linet.Tryck@yopmail.com,Linet.Tryck@gmail.com,police officer
854,Josephine,Ludewig,Josephine.Ludewig@yopmail.com,Josephine.Ludewig@gmail.com,police officer
855,Berget,Ezar,Berget.Ezar@yopmail.com,Berget.Ezar@gmail.com,doctor
856,Etta,Hunfredo,Etta.Hunfredo@yopmail.com,Etta.Hunfredo@gmail.com,doctor
857,Gretal,Henrie,Gretal.Henrie@yopmail.com,Gretal.Henrie@gmail.com,firefighter
858,Fanchon,Carbo,Fanchon.Carbo@yopmail.com,Fanchon.Carbo@gmail.com,firefighter
859,Ayn,Artie,Ayn.Artie@yopmail.com,Ayn.Artie@gmail.com,worker
860,Nessie,Johnsson,Nessie.Johnsson@yopmail.com,Nessie.Johnsson@gmail.com,police officer
861,Inga,Jammal,Inga.Jammal@yopmail.com,Inga.Jammal@gmail.com,developer
862,Marika,Madelene,Marika.Madelene@yopmail.com,Marika.Madelene@gmail.com,doctor
863,Viviene,Adamsen,Viviene.Adamsen@yopmail.com,Viviene.Adamsen@gmail.com,firefighter
864,Christy,Gibbeon,Christy.Gibbeon@yopmail.com,Christy.Gibbeon@gmail.com,firefighter
865,Angela,Lalitta,Angela.Lalitta@yopmail.com,Angela.Lalitta@gmail.com,police officer
866,Mary,Raseda,Mary.Raseda@yopmail.com,Mary.Raseda@gmail.com,police officer
867,Jsandye,Magdalen,Jsandye.Magdalen@yopmail.com,Jsandye.Magdalen@gmail.com,developer
868,Yvonne,Karna,Yvonne.Karna@yopmail.com,Yvonne.Karna@gmail.com,firefighter
869,Angela,Saree,Angela.Saree@yopmail.com,Angela.Saree@gmail.com,worker
870,Dawn,Madelene,Dawn.Madelene@yopmail.com,Dawn.Madelene@gmail.com,firefighter
871,Layla,Fiester,Layla.Fiester@yopmail.com,Layla.Fiester@gmail.com,police officer
872,Aeriela,Teryn,Aeriela.Teryn@yopmail.com,Aeriela.Teryn@gmail.com,firefighter
873,Gerianna,Huggins,Gerianna.Huggins@yopmail.com,Gerianna.Huggins@gmail.com,firefighter
874,Vonny,Weaks,Vonny.Weaks@yopmail.com,Vonny.Weaks@gmail.com,developer
875,Tani,Hilbert,Tani.Hilbert@yopmail.com,Tani.Hilbert@gmail.com,police officer
876,Kathy,Wyn,Kathy.Wyn@yopmail.com,Kathy.Wyn@gmail.com,police officer
877,Zaria,Narton,Zaria.Narton@yopmail.com,Zaria.Narton@gmail.com,firefighter
878,Pollyanna,Brackely,Pollyanna.Brackely@yopmail.com,Pollyanna.Brackely@gmail.com,firefighter
879,Ilse,Nahum,Ilse.Nahum@yopmail.com,Ilse.Nahum@gmail.com,worker
880,Sarette,Lunsford,Sarette.Lunsford@yopmail.com,Sarette.Lunsford@gmail.com,firefighter
881,Mignon,Hailee,Mignon.Hailee@yopmail.com,Mignon.Hailee@gmail.com,police officer
882,Jerry,Adrienne,Jerry.Adrienne@yopmail.com,Jerry.Adrienne@gmail.com,doctor
883,Fernande,Erskine,Fernande.Erskine@yopmail.com,Fernande.Erskine@gmail.com,developer
884,Dulce,Naashom,Dulce.Naashom@yopmail.com,Dulce.Naashom@gmail.com,worker
885,Maisey,Valoniah,Maisey.Valoniah@yopmail.com,Maisey.Valoniah@gmail.com,doctor
886,Fayre,Barrus,Fayre.Barrus@yopmail.com,Fayre.Barrus@gmail.com,doctor
887,Agathe,Ivens,Agathe.Ivens@yopmail.com,Agathe.Ivens@gmail.com,developer
888,Selia,Kronfeld,Selia.Kronfeld@yopmail.com,Selia.Kronfeld@gmail.com,firefighter
889,Esmeralda,Corabella,Esmeralda.Corabella@yopmail.com,Esmeralda.Corabella@gmail.com,developer
890,Morganica,Federica,Morganica.Federica@yopmail.com,Morganica.Federica@gmail.com,worker
891,Zondra,Stefa,Zondra.Stefa@yopmail.com,Zondra.Stefa@gmail.com,worker
892,Keelia,Astra,Keelia.Astra@yopmail.com,Keelia.Astra@gmail.com,doctor
893,Linzy,Stelle,Linzy.Stelle@yopmail.com,Linzy.Stelle@gmail.com,firefighter
894,Albertina,Harl,Albertina.Harl@yopmail.com,Albertina.Harl@gmail.com,firefighter
895,Katharina,Hollingsworth,Katharina.Hollingsworth@yopmail.com,Katharina.Hollingsworth@gmail.com,worker
896,Susette,Bollay,Susette.Bollay@yopmail.com,Susette.Bollay@gmail.com,firefighter
897,Leia,Blase,Leia.Blase@yopmail.com,Leia.Blase@gmail.com,firefighter
898,Ursulina,Pattin,Ursulina.Pattin@yopmail.com,Ursulina.Pattin@gmail.com,worker
899,Lily,Codding,Lily.Codding@yopmail.com,Lily.Codding@gmail.com,developer
900,Jacquetta,August,Jacquetta.August@yopmail.com,Jacquetta.August@gmail.com,doctor
901,Addia,Eachern,Addia.Eachern@yopmail.com,Addia.Eachern@gmail.com,doctor
902,Sue,Anton,Sue.Anton@yopmail.com,Sue.Anton@gmail.com,doctor
903,Bertine,Maisey,Bertine.Maisey@yopmail.com,Bertine.Maisey@gmail.com,police officer
904,Clarice,Gaulin,Clarice.Gaulin@yopmail.com,Clarice.Gaulin@gmail.com,police officer
905,Kassey,Lissi,Kassey.Lissi@yopmail.com,Kassey.Lissi@gmail.com,police officer
906,Elora,Si,Elora.Si@yopmail.com,Elora.Si@gmail.com,worker
907,Nariko,Lattie,Nariko.Lattie@yopmail.com,Nariko.Lattie@gmail.com,doctor
908,Cissiee,LaRue,Cissiee.LaRue@yopmail.com,Cissiee.LaRue@gmail.com,firefighter
909,Ida,Bethany,Ida.Bethany@yopmail.com,Ida.Bethany@gmail.com,developer
910,Dorene,Duwalt,Dorene.Duwalt@yopmail.com,Dorene.Duwalt@gmail.com,developer
911,Jean,Henebry,Jean.Henebry@yopmail.com,Jean.Henebry@gmail.com,firefighter
912,Georgina,Felecia,Georgina.Felecia@yopmail.com,Georgina.Felecia@gmail.com,police officer
913,Joelly,Krystle,Joelly.Krystle@yopmail.com,Joelly.Krystle@gmail.com,worker
914,Evaleen,Strephon,Evaleen.Strephon@yopmail.com,Evaleen.Strephon@gmail.com,doctor
915,Berget,Hoban,Berget.Hoban@yopmail.com,Berget.Hoban@gmail.com,developer
916,Maisey,Fry,Maisey.Fry@yopmail.com,Maisey.Fry@gmail.com,developer
917,Starla,Bertold,Starla.Bertold@yopmail.com,Starla.Bertold@gmail.com,doctor
918,Tierney,Ochs,Tierney.Ochs@yopmail.com,Tierney.Ochs@gmail.com,worker
919,Meriel,Obed,Meriel.Obed@yopmail.com,Meriel.Obed@gmail.com,worker
920,Corene,Anselmi,Corene.Anselmi@yopmail.com,Corene.Anselmi@gmail.com,doctor
921,Brietta,Guthrie,Brietta.Guthrie@yopmail.com,Brietta.Guthrie@gmail.com,police officer
922,Sonni,Joeann,Sonni.Joeann@yopmail.com,Sonni.Joeann@gmail.com,police officer
923,Bettine,Modie,Bettine.Modie@yopmail.com,Bettine.Modie@gmail.com,firefighter
924,Ashlee,Barbey,Ashlee.Barbey@yopmail.com,Ashlee.Barbey@gmail.com,worker
925,Shell,Kaja,Shell.Kaja@yopmail.com,Shell.Kaja@gmail.com,doctor
926,Hettie,Christal,Hettie.Christal@yopmail.com,Hettie.Christal@gmail.com,police officer
927,Camile,Destinee,Camile.Destinee@yopmail.com,Camile.Destinee@gmail.com,developer
928,Odessa,Dimitris,Odessa.Dimitris@yopmail.com,Odessa.Dimitris@gmail.com,doctor
929,Edith,Vilma,Edith.Vilma@yopmail.com,Edith.Vilma@gmail.com,worker
930,Kara-Lynn,Terrence,Kara-Lynn.Terrence@yopmail.com,Kara-Lynn.Terrence@gmail.com,doctor
931,Flory,Fontana,Flory.Fontana@yopmail.com,Flory.Fontana@gmail.com,developer
932,Myrtice,Zenas,Myrtice.Zenas@yopmail.com,Myrtice.Zenas@gmail.com,doctor
933,Melanie,Erminia,Melanie.Erminia@yopmail.com,Melanie.Erminia@gmail.com,doctor
934,Micheline,Saint,Micheline.Saint@yopmail.com,Micheline.Saint@gmail.com,doctor
935,Phylis,Bahr,Phylis.Bahr@yopmail.com,Phylis.Bahr@gmail.com,police officer
936,Darci,Dermott,Darci.Dermott@yopmail.com,Darci.Dermott@gmail.com,police officer
937,Ursulina,Luhe,Ursulina.Luhe@yopmail.com,Ursulina.Luhe@gmail.com,worker
938,Ebonee,An,Ebonee.An@yopmail.com,Ebonee.An@gmail.com,police officer
939,Stephanie,Bryna,Stephanie.Bryna@yopmail.com,Stephanie.Bryna@gmail.com,doctor
940,Brynna,Lamoree,Brynna.Lamoree@yopmail.com,Brynna.Lamoree@gmail.com,police officer
941,Eugine,Kevon,Eugine.Kevon@yopmail.com,Eugine.Kevon@gmail.com,developer
942,Coral,Xerxes,Coral.Xerxes@yopmail.com,Coral.Xerxes@gmail.com,doctor
943,Amalie,Jorgan,Amalie.Jorgan@yopmail.com,Amalie.Jorgan@gmail.com,developer
944,Alyda,Zamora,Alyda.Zamora@yopmail.com,Alyda.Zamora@gmail.com,police officer
945,Joleen,Alcott,Joleen.Alcott@yopmail.com,Joleen.Alcott@gmail.com,firefighter
946,Allis,Orelee,Allis.Orelee@yopmail.com,Allis.Orelee@gmail.com,firefighter
947,Brana,Nore,Brana.Nore@yopmail.com,Brana.Nore@gmail.com,developer
948,Christy,Cavan,Christy.Cavan@yopmail.com,Christy.Cavan@gmail.com,firefighter
949,Adele,Bord,Adele.Bord@yopmail.com,Adele.Bord@gmail.com,worker
950,Judy,Johanna,Judy.Johanna@yopmail.com,Judy.Johanna@gmail.com,doctor
951,Nananne,Campball,Nananne.Campball@yopmail.com,Nananne.Campball@gmail.com,firefighter
952,Alisha,Jotham,Alisha.Jotham@yopmail.com,Alisha.Jotham@gmail.com,worker
953,Katharina,Valerio,Katharina.Valerio@yopmail.com,Katharina.Valerio@gmail.com,doctor
954,Angela,Ietta,Angela.Ietta@yopmail.com,Angela.Ietta@gmail.com,firefighter
955,Sara-Ann,Baylor,Sara-Ann.Baylor@yopmail.com,Sara-Ann.Baylor@gmail.com,police officer
956,Norine,Elephus,Norine.Elephus@yopmail.com,Norine.Elephus@gmail.com,police officer
957,Katuscha,Mauer,Katuscha.Mauer@yopmail.com,Katuscha.Mauer@gmail.com,firefighter
958,Ermengarde,Even,Ermengarde.Even@yopmail.com,Ermengarde.Even@gmail.com,doctor
959,Sashenka,Randene,Sashenka.Randene@yopmail.com,Sashenka.Randene@gmail.com,firefighter
960,Dawn,Kussell,Dawn.Kussell@yopmail.com,Dawn.Kussell@gmail.com,firefighter
961,Eadie,Pearse,Eadie.Pearse@yopmail.com,Eadie.Pearse@gmail.com,police officer
962,Berta,Fairweather,Berta.Fairweather@yopmail.com,Berta.Fairweather@gmail.com,firefighter
963,Marinna,Rossner,Marinna.Rossner@yopmail.com,Marinna.Rossner@gmail.com,police officer
964,Nollie,Irmine,Nollie.Irmine@yopmail.com,Nollie.Irmine@gmail.com,developer
965,Orsola,Publia,Orsola.Publia@yopmail.com,Orsola.Publia@gmail.com,police officer
966,Drucie,Tybald,Drucie.Tybald@yopmail.com,Drucie.Tybald@gmail.com,developer
967,Dacia,Dannye,Dacia.Dannye@yopmail.com,Dacia.Dannye@gmail.com,worker
968,Britte,Hillel,Britte.Hillel@yopmail.com,Britte.Hillel@gmail.com,worker
969,Aurelie,Paine,Aurelie.Paine@yopmail.com,Aurelie.Paine@gmail.com,worker
970,Tierney,Shelba,Tierney.Shelba@yopmail.com,Tierney.Shelba@gmail.com,doctor
971,Di,Ariella,Di.Ariella@yopmail.com,Di.Ariella@gmail.com,developer
972,Emmey,Erskine,Emmey.Erskine@yopmail.com,Emmey.Erskine@gmail.com,doctor
973,Barbara,Torray,Barbara.Torray@yopmail.com,Barbara.Torray@gmail.com,firefighter
974,Ricky,Parette,Ricky.Parette@yopmail.com,Ricky.Parette@gmail.com,worker
975,Nananne,Cadmar,Nananne.Cadmar@yopmail.com,Nananne.Cadmar@gmail.com,worker
976,Rosaline,Hebner,Rosaline.Hebner@yopmail.com,Rosaline.Hebner@gmail.com,doctor
977,Mady,Christal,Mady.Christal@yopmail.com,Mady.Christal@gmail.com,worker
978,Helsa,Boycey,Helsa.Boycey@yopmail.com,Helsa.Boycey@gmail.com,firefighter
979,Katuscha,Kussell,Katuscha.Kussell@yopmail.com,Katuscha.Kussell@gmail.com,firefighter
980,Ezmeralda,Clara,Ezmeralda.Clara@yopmail.com,Ezmeralda.Clara@gmail.com,doctor
981,Dari,Jerold,Dari.Jerold@yopmail.com,Dari.Jerold@gmail.com,police officer
982,Carmencita,Garlinda,Carmencita.Garlinda@yopmail.com,Carmencita.Garlinda@gmail.com,firefighter
983,Georgina,Arquit,Georgina.Arquit@yopmail.com,Georgina.Arquit@gmail.com,police officer
984,Aurelie,Pillsbury,Aurelie.Pillsbury@yopmail.com,Aurelie.Pillsbury@gmail.com,developer
985,Odessa,Gregrory,Odessa.Gregrory@yopmail.com,Odessa.Gregrory@gmail.com,worker
986,Berget,Lunsford,Berget.Lunsford@yopmail.com,Berget.Lunsford@gmail.com,worker
987,Trixi,Braun,Trixi.Braun@yopmail.com,Trixi.Braun@gmail.com,firefighter
988,Nessie,Han,Nessie.Han@yopmail.com,Nessie.Han@gmail.com,developer
989,Bernardine,Douglass,Bernardine.Douglass@yopmail.com,Bernardine.Douglass@gmail.com,police officer
990,Jenda,Gabrielli,Jenda.Gabrielli@yopmail.com,Jenda.Gabrielli@gmail.com,developer
991,Damaris,Nester,Damaris.Nester@yopmail.com,Damaris.Nester@gmail.com,doctor
992,Cassandra,Gregrory,Cassandra.Gregrory@yopmail.com,Cassandra.Gregrory@gmail.com,developer
993,Gavrielle,Raul,Gavrielle.Raul@yopmail.com,Gavrielle.Raul@gmail.com,developer
994,Silvana,Anyah,Silvana.Anyah@yopmail.com,Silvana.Anyah@gmail.com,developer
995,Ricky,Alexandr,Ricky.Alexandr@yopmail.com,Ricky.Alexandr@gmail.com,firefighter
996,Kirbee,Berl,Kirbee.Berl@yopmail.com,Kirbee.Berl@gmail.com,developer
997,Adelle,Fennessy,Adelle.Fennessy@yopmail.com,Adelle.Fennessy@gmail.com,firefighter
998,Justinn,Trey,Justinn.Trey@yopmail.com,Justinn.Trey@gmail.com,police officer
999,Tori,Nester,Tori.Nester@yopmail.com,Tori.Nester@gmail.com,developer
1000,Jessamyn,Franza,Jessamyn.Franza@yopmail.com,Jessamyn.Franza@gmail.com,firefighter
1001,Maisey,Pelagias,Maisey.Pelagias@yopmail.com,Maisey.Pelagias@gmail.com,police officer
1002,Roslyn,Rubie,Roslyn.Rubie@yopmail.com,Roslyn.Rubie@gmail.com,worker
1003,Modestia,Olnee,Modestia.Olnee@yopmail.com,Modestia.Olnee@gmail.com,police officer
1004,Shaylyn,Capello,Shaylyn.Capello@yopmail.com,Shaylyn.Capello@gmail.com,worker
1005,Mady,Helfand,Mady.Helfand@yopmail.com,Mady.Helfand@gmail.com,worker
1006,Bee,Georgy,Bee.Georgy@yopmail.com,Bee.Georgy@gmail.com,developer
1007,Ingrid,Kenwood,Ingrid.Kenwood@yopmail.com,Ingrid.Kenwood@gmail.com,doctor
1008,Steffane,Capello,Steffane.Capello@yopmail.com,Steffane.Capello@gmail.com,doctor
1009,Carly,Poll,Carly.Poll@yopmail.com,Carly.Poll@gmail.com,police officer
1010,Chere,Ammann,Chere.Ammann@yopmail.com,Chere.Ammann@gmail.com,doctor
1011,Vanessa,Kussell,Vanessa.Kussell@yopmail.com,Vanessa.Kussell@gmail.com,developer
1012,Letizia,Lindemann,Letizia.Lindemann@yopmail.com,Letizia.Lindemann@gmail.com,worker
1013,Therine,Loring,Therine.Loring@yopmail.com,Therine.Loring@gmail.com,worker
1014,Lorne,Gower,Lorne.Gower@yopmail.com,Lorne.Gower@gmail.com,police officer
1015,Daphne,Harday,Daphne.Harday@yopmail.com,Daphne.Harday@gmail.com,firefighter
1016,Valeda,Deegan,Valeda.Deegan@yopmail.com,Valeda.Deegan@gmail.com,developer
1017,Tomasina,Colleen,Tomasina.Colleen@yopmail.com,Tomasina.Colleen@gmail.com,developer
1018,Gilda,Tannie,Gilda.Tannie@yopmail.com,Gilda.Tannie@gmail.com,police officer
1019,Averyl,Latini,Averyl.Latini@yopmail.com,Averyl.Latini@gmail.com,doctor
1020,Yetty,Chaing,Yetty.Chaing@yopmail.com,Yetty.Chaing@gmail.com,police officer
1021,Zondra,Christine,Zondra.Christine@yopmail.com,Zondra.Christine@gmail.com,developer
1022,Cordi,Morrill,Cordi.Morrill@yopmail.com,Cordi.Morrill@gmail.com,worker
1023,Carol-Jean,Tomasina,Carol-Jean.Tomasina@yopmail.com,Carol-Jean.Tomasina@gmail.com,doctor
1024,Ginnie,Uund,Ginnie.Uund@yopmail.com,Ginnie.Uund@gmail.com,developer
1025,Winny,Harriman,Winny.Harriman@yopmail.com,Winny.Harriman@gmail.com,police officer
1026,Flo,Smitt,Flo.Smitt@yopmail.com,Flo.Smitt@gmail.com,firefighter
1027,Ashlee,Kirbee,Ashlee.Kirbee@yopmail.com,Ashlee.Kirbee@gmail.com,doctor
1028,Chickie,Lauraine,Chickie.Lauraine@yopmail.com,Chickie.Lauraine@gmail.com,firefighter
1029,Eadie,Standing,Eadie.Standing@yopmail.com,Eadie.Standing@gmail.com,developer
1030,Linet,Jagir,Linet.Jagir@yopmail.com,Linet.Jagir@gmail.com,doctor
1031,Marjie,Silvan,Marjie.Silvan@yopmail.com,Marjie.Silvan@gmail.com,doctor
1032,Gretal,Kamaria,Gretal.Kamaria@yopmail.com,Gretal.Kamaria@gmail.com,worker
1033,Lorie,Karna,Lorie.Karna@yopmail.com,Lorie.Karna@gmail.com,police officer
1034,Valli,Ulphia,Valli.Ulphia@yopmail.com,Valli.Ulphia@gmail.com,firefighter
1035,Fredericka,Diann,Fredericka.Diann@yopmail.com,Fredericka.Diann@gmail.com,developer
1036,Gwenneth,Gillan,Gwenneth.Gillan@yopmail.com,Gwenneth.Gillan@gmail.com,firefighter
1037,Cathie,Cookie,Cathie.Cookie@yopmail.com,Cathie.Cookie@gmail.com,doctor
1038,Evaleen,Henebry,Evaleen.Henebry@yopmail.com,Evaleen.Henebry@gmail.com,firefighter
1039,Keelia,Francene,Keelia.Francene@yopmail.com,Keelia.Francene@gmail.com,developer
1040,Candi,Rustice,Candi.Rustice@yopmail.com,Candi.Rustice@gmail.com,firefighter
1041,Dawn,Harned,Dawn.Harned@yopmail.com,Dawn.Harned@gmail.com,doctor
1042,Kathy,Eno,Kathy.Eno@yopmail.com,Kathy.Eno@gmail.com,police officer
1043,Tomasina,Noam,Tomasina.Noam@yopmail.com,Tomasina.Noam@gmail.com,worker
1044,Jere,Evvie,Jere.Evvie@yopmail.com,Jere.Evvie@gmail.com,worker
1045,Corry,Maiah,Corry.Maiah@yopmail.com,Corry.Maiah@gmail.com,doctor
1046,Nonnah,Chick,Nonnah.Chick@yopmail.com,Nonnah.Chick@gmail.com,doctor
1047,Olwen,Teddman,Olwen.Teddman@yopmail.com,Olwen.Teddman@gmail.com,doctor
1048,Steffane,Erlandson,Steffane.Erlandson@yopmail.com,Steffane.Erlandson@gmail.com,developer
1049,Kristina,Terrence,Kristina.Terrence@yopmail.com,Kristina.Terrence@gmail.com,police officer
1050,Sharlene,Wind,Sharlene.Wind@yopmail.com,Sharlene.Wind@gmail.com,firefighter
1051,Ottilie,Markman,Ottilie.Markman@yopmail.com,Ottilie.Markman@gmail.com,worker
1052,Charmaine,Zitvaa,Charmaine.Zitvaa@yopmail.com,Charmaine.Zitvaa@gmail.com,developer
1053,Rosene,Hedve,Rosene.Hedve@yopmail.com,Rosene.Hedve@gmail.com,worker
1054,Tobe,Posner,Tobe.Posner@yopmail.com,Tobe.Posner@gmail.com,police officer
1055,Elvira,Riordan,Elvira.Riordan@yopmail.com,Elvira.Riordan@gmail.com,firefighter
1056,Arlena,Merell,Arlena.Merell@yopmail.com,Arlena.Merell@gmail.com,police officer
1057,Kial,Heisel,Kial.Heisel@yopmail.com,Kial.Heisel@gmail.com,worker
1058,Lorenza,Seumas,Lorenza.Seumas@yopmail.com,Lorenza.Seumas@gmail.com,developer
1059,Lynde,Pearse,Lynde.Pearse@yopmail.com,Lynde.Pearse@gmail.com,worker
1060,Sharai,Elisha,Sharai.Elisha@yopmail.com,Sharai.Elisha@gmail.com,worker
1061,Moyna,Dash,Moyna.Dash@yopmail.com,Moyna.Dash@gmail.com,police officer
1062,Leanna,Nikaniki,Leanna.Nikaniki@yopmail.com,Leanna.Nikaniki@gmail.com,worker
1063,Adele,Fiann,Adele.Fiann@yopmail.com,Adele.Fiann@gmail.com,worker
1064,Kellen,McGrody,Kellen.McGrody@yopmail.com,Kellen.McGrody@gmail.com,doctor
1065,Hildegaard,Nahum,Hildegaard.Nahum@yopmail.com,Hildegaard.Nahum@gmail.com,police officer
1066,Jemie,Berne,Jemie.Berne@yopmail.com,Jemie.Berne@gmail.com,worker
1067,Carol-Jean,Isidore,Carol-Jean.Isidore@yopmail.com,Carol-Jean.Isidore@gmail.com,worker
1068,Mariele,Merell,Mariele.Merell@yopmail.com,Mariele.Merell@gmail.com,doctor
1069,Kimmy,Tound,Kimmy.Tound@yopmail.com,Kimmy.Tound@gmail.com,worker
1070,Morganica,Vorster,Morganica.Vorster@yopmail.com,Morganica.Vorster@gmail.com,developer
1071,Letizia,Brian,Letizia.Brian@yopmail.com,Letizia.Brian@gmail.com,worker
1072,Vinita,Carvey,Vinita.Carvey@yopmail.com,Vinita.Carvey@gmail.com,developer
1073,Brena,Gualtiero,Brena.Gualtiero@yopmail.com,Brena.Gualtiero@gmail.com,worker
1074,Monika,Stefa,Monika.Stefa@yopmail.com,Monika.Stefa@gmail.com,police officer
1075,Alex,Hieronymus,Alex.Hieronymus@yopmail.com,Alex.Hieronymus@gmail.com,worker
1076,Ronna,Jacqui,Ronna.Jacqui@yopmail.com,Ronna.Jacqui@gmail.com,worker
1077,Wileen,Moseley,Wileen.Moseley@yopmail.com,Wileen.Moseley@gmail.com,doctor
1078,Noelle,Even,Noelle.Even@yopmail.com,Noelle.Even@gmail.com,worker
1079,Janis,Lea,Janis.Lea@yopmail.com,Janis.Lea@gmail.com,developer
1080,Halette,Viddah,Halette.Viddah@yopmail.com,Halette.Viddah@gmail.com,doctor
1081,Esmeralda,Munn,Esmeralda.Munn@yopmail.com,Esmeralda.Munn@gmail.com,doctor
1082,Georgina,Bendick,Georgina.Bendick@yopmail.com,Georgina.Bendick@gmail.com,firefighter
1083,Alexine,Schwejda,Alexine.Schwejda@yopmail.com,Alexine.Schwejda@gmail.com,police officer
1084,Lanae,Sprage,Lanae.Sprage@yopmail.com,Lanae.Sprage@gmail.com,police officer
1085,Talya,Mathilde,Talya.Mathilde@yopmail.com,Talya.Mathilde@gmail.com,police officer
1086,Agnese,Redmond,Agnese.Redmond@yopmail.com,Agnese.Redmond@gmail.com,firefighter
1087,Eadie,Oneida,Eadie.Oneida@yopmail.com,Eadie.Oneida@gmail.com,firefighter
1088,Kara-Lynn,Destinee,Kara-Lynn.Destinee@yopmail.com,Kara-Lynn.Destinee@gmail.com,worker
1089,Cordi,Bebe,Cordi.Bebe@yopmail.com,Cordi.Bebe@gmail.com,firefighter
1090,Pollyanna,Sawtelle,Pollyanna.Sawtelle@yopmail.com,Pollyanna.Sawtelle@gmail.com,firefighter
1091,Renae,Milde,Renae.Milde@yopmail.com,Renae.Milde@gmail.com,developer
1092,Dulce,Pillsbury,Dulce.Pillsbury@yopmail.com,Dulce.Pillsbury@gmail.com,worker
1093,Lita,Baptlsta,Lita.Baptlsta@yopmail.com,Lita.Baptlsta@gmail.com,worker
1094,Pamella,Shaver,Pamella.Shaver@yopmail.com,Pamella.Shaver@gmail.com,firefighter
1095,Oralee,Edison,Oralee.Edison@yopmail.com,Oralee.Edison@gmail.com,firefighter
1096,Alyssa,Glenden,Alyssa.Glenden@yopmail.com,Alyssa.Glenden@gmail.com,worker
1097,Anthia,Primalia,Anthia.Primalia@yopmail.com,Anthia.Primalia@gmail.com,developer
1098,Orsola,Ackerley,Orsola.Ackerley@yopmail.com,Orsola.Ackerley@gmail.com,doctor
1099,Susette,Sisile,Susette.Sisile@yopmail.com,Susette.Sisile@gmail.com,developer
